  predicting whether you will be at the keyboard in 5 minutes
  IT CAN DIE. Each sample costs 0.1, each correct prediction pays 0.15,
  each consolidation round costs 0.05. Break-even accuracy is 67%.
  At zero credit the life ends and nothing survives it.
  generation 0, starting with 100 credit

   gen   credit     acc  majority    edge   here  sleeps      age
--------------------------------------------------------------------
     0    101.3   87.5%     87.5%   +0.0    88%       0     0.4h
     0     98.3   52.5%     55.0%   -2.5    55%       0     0.7h
Python(30630) MallocStackLogging: can't turn off malloc stack logging because it was not enabled.
Python(30754) MallocStackLogging: can't turn off malloc stack logging because it was not enabled.
Python(30784) MallocStackLogging: can't turn off malloc stack logging because it was not enabled.
Python(30811) MallocStackLogging: can't turn off malloc stack logging because it was not enabled.
Python(30841) MallocStackLogging: can't turn off malloc stack logging because it was not enabled.
Python(31107) MallocStackLogging: can't turn off malloc stack logging because it was not enabled.
Python(31158) MallocStackLogging: can't turn off malloc stack logging because it was not enabled.
Python(31196) MallocStackLogging: can't turn off malloc stack logging because it was not enabled.
Python(31262) MallocStackLogging: can't turn off malloc stack logging because it was not enabled.
Python(31290) MallocStackLogging: can't turn off malloc stack logging because it was not enabled.
Python(31318) MallocStackLogging: can't turn off malloc stack logging because it was not enabled.
Python(31434) MallocStackLogging: can't turn off malloc stack logging because it was not enabled.
Python(31669) MallocStackLogging: can't turn off malloc stack logging because it was not enabled.
Python(35559) MallocStackLogging: can't turn off malloc stack logging because it was not enabled.
Python(35700) MallocStackLogging: can't turn off malloc stack logging because it was not enabled.
Python(35737) MallocStackLogging: can't turn off malloc stack logging because it was not enabled.
Python(35772) MallocStackLogging: can't turn off malloc stack logging because it was not enabled.
Python(35811) MallocStackLogging: can't turn off malloc stack logging because it was not enabled.
Python(35856) MallocStackLogging: can't turn off malloc stack logging because it was not enabled.
Python(35893) MallocStackLogging: can't turn off malloc stack logging because it was not enabled.
Python(35924) MallocStackLogging: can't turn off malloc stack logging because it was not enabled.
Python(35960) MallocStackLogging: can't turn off malloc stack logging because it was not enabled.
Python(35996) MallocStackLogging: can't turn off malloc stack logging because it was not enabled.
Python(36058) MallocStackLogging: can't turn off malloc stack logging because it was not enabled.
Python(36169) MallocStackLogging: can't turn off malloc stack logging because it was not enabled.
Python(36236) MallocStackLogging: can't turn off malloc stack logging because it was not enabled.
Python(36264) MallocStackLogging: can't turn off malloc stack logging because it was not enabled.
Python(36296) MallocStackLogging: can't turn off malloc stack logging because it was not enabled.
Python(36325) MallocStackLogging: can't turn off malloc stack logging because it was not enabled.
Python(36362) MallocStackLogging: can't turn off malloc stack logging because it was not enabled.
Python(36389) MallocStackLogging: can't turn off malloc stack logging because it was not enabled.
Python(36418) MallocStackLogging: can't turn off malloc stack logging because it was not enabled.
Python(36456) MallocStackLogging: can't turn off malloc stack logging because it was not enabled.
Python(36483) MallocStackLogging: can't turn off malloc stack logging because it was not enabled.
Python(36510) MallocStackLogging: can't turn off malloc stack logging because it was not enabled.
Python(36540) MallocStackLogging: can't turn off malloc stack logging because it was not enabled.
Python(36591) MallocStackLogging: can't turn off malloc stack logging because it was not enabled.
Python(36618) MallocStackLogging: can't turn off malloc stack logging because it was not enabled.
Python(36645) MallocStackLogging: can't turn off malloc stack logging because it was not enabled.
     0     95.5   41.7%     50.8%   -9.2    51%       0     1.1h
Python(36716) MallocStackLogging: can't turn off malloc stack logging because it was not enabled.
Python(36743) MallocStackLogging: can't turn off malloc stack logging because it was not enabled.
Python(36788) MallocStackLogging: can't turn off malloc stack logging because it was not enabled.
Python(36892) MallocStackLogging: can't turn off malloc stack logging because it was not enabled.
Python(36961) MallocStackLogging: can't turn off malloc stack logging because it was not enabled.
Python(36989) MallocStackLogging: can't turn off malloc stack logging because it was not enabled.
Python(37016) MallocStackLogging: can't turn off malloc stack logging because it was not enabled.
Python(37043) MallocStackLogging: can't turn off malloc stack logging because it was not enabled.
Python(37070) MallocStackLogging: can't turn off malloc stack logging because it was not enabled.
Python(37098) MallocStackLogging: can't turn off malloc stack logging because it was not enabled.
Python(37125) MallocStackLogging: can't turn off malloc stack logging because it was not enabled.
Python(37160) MallocStackLogging: can't turn off malloc stack logging because it was not enabled.
Python(37193) MallocStackLogging: can't turn off malloc stack logging because it was not enabled.
Python(37220) MallocStackLogging: can't turn off malloc stack logging because it was not enabled.
Python(37247) MallocStackLogging: can't turn off malloc stack logging because it was not enabled.
Python(37274) MallocStackLogging: can't turn off malloc stack logging because it was not enabled.
Python(37310) MallocStackLogging: can't turn off malloc stack logging because it was not enabled.
Python(37337) MallocStackLogging: can't turn off malloc stack logging because it was not enabled.
Python(37398) MallocStackLogging: can't turn off malloc stack logging because it was not enabled.
Python(37482) MallocStackLogging: can't turn off malloc stack logging because it was not enabled.
Python(37512) MallocStackLogging: can't turn off malloc stack logging because it was not enabled.
Python(37541) MallocStackLogging: can't turn off malloc stack logging because it was not enabled.
Python(37569) MallocStackLogging: can't turn off malloc stack logging because it was not enabled.
Python(37597) MallocStackLogging: can't turn off malloc stack logging because it was not enabled.
Python(37624) MallocStackLogging: can't turn off malloc stack logging because it was not enabled.
Python(37653) MallocStackLogging: can't turn off malloc stack logging because it was not enabled.
Python(37680) MallocStackLogging: can't turn off malloc stack logging because it was not enabled.
Python(37727) MallocStackLogging: can't turn off malloc stack logging because it was not enabled.
Python(37754) MallocStackLogging: can't turn off malloc stack logging because it was not enabled.
Python(37782) MallocStackLogging: can't turn off malloc stack logging because it was not enabled.
Python(37820) MallocStackLogging: can't turn off malloc stack logging because it was not enabled.
Python(37857) MallocStackLogging: can't turn off malloc stack logging because it was not enabled.
Python(37905) MallocStackLogging: can't turn off malloc stack logging because it was not enabled.
Python(37951) MallocStackLogging: can't turn off malloc stack logging because it was not enabled.
Python(37979) MallocStackLogging: can't turn off malloc stack logging because it was not enabled.
Python(38006) MallocStackLogging: can't turn off malloc stack logging because it was not enabled.
Python(38033) MallocStackLogging: can't turn off malloc stack logging because it was not enabled.
Python(38136) MallocStackLogging: can't turn off malloc stack logging because it was not enabled.
Python(38163) MallocStackLogging: can't turn off malloc stack logging because it was not enabled.
Python(38199) MallocStackLogging: can't turn off malloc stack logging because it was not enabled.
     0     97.1   43.3%     78.3%  -35.0    22%       0     1.4h
Python(38255) MallocStackLogging: can't turn off malloc stack logging because it was not enabled.
Python(38394) MallocStackLogging: can't turn off malloc stack logging because it was not enabled.
Python(38427) MallocStackLogging: can't turn off malloc stack logging because it was not enabled.
Python(38455) MallocStackLogging: can't turn off malloc stack logging because it was not enabled.
Python(38482) MallocStackLogging: can't turn off malloc stack logging because it was not enabled.
Python(38526) MallocStackLogging: can't turn off malloc stack logging because it was not enabled.
Python(38558) MallocStackLogging: can't turn off malloc stack logging because it was not enabled.
Python(38585) MallocStackLogging: can't turn off malloc stack logging because it was not enabled.
Python(38612) MallocStackLogging: can't turn off malloc stack logging because it was not enabled.
Python(38639) MallocStackLogging: can't turn off malloc stack logging because it was not enabled.
Python(38666) MallocStackLogging: can't turn off malloc stack logging because it was not enabled.
Python(38694) MallocStackLogging: can't turn off malloc stack logging because it was not enabled.
Python(38722) MallocStackLogging: can't turn off malloc stack logging because it was not enabled.
Python(38753) MallocStackLogging: can't turn off malloc stack logging because it was not enabled.
Python(38791) MallocStackLogging: can't turn off malloc stack logging because it was not enabled.
Python(38818) MallocStackLogging: can't turn off malloc stack logging because it was not enabled.
Python(38845) MallocStackLogging: can't turn off malloc stack logging because it was not enabled.
Python(38873) MallocStackLogging: can't turn off malloc stack logging because it was not enabled.
Python(38900) MallocStackLogging: can't turn off malloc stack logging because it was not enabled.
Python(38928) MallocStackLogging: can't turn off malloc stack logging because it was not enabled.
Python(38971) MallocStackLogging: can't turn off malloc stack logging because it was not enabled.
Python(38998) MallocStackLogging: can't turn off malloc stack logging because it was not enabled.
Python(39025) MallocStackLogging: can't turn off malloc stack logging because it was not enabled.
Python(39052) MallocStackLogging: can't turn off malloc stack logging because it was not enabled.
Python(39081) MallocStackLogging: can't turn off malloc stack logging because it was not enabled.
Python(39108) MallocStackLogging: can't turn off malloc stack logging because it was not enabled.
Python(39135) MallocStackLogging: can't turn off malloc stack logging because it was not enabled.
Python(39162) MallocStackLogging: can't turn off malloc stack logging because it was not enabled.
Python(39205) MallocStackLogging: can't turn off malloc stack logging because it was not enabled.
Python(39233) MallocStackLogging: can't turn off malloc stack logging because it was not enabled.
Python(39260) MallocStackLogging: can't turn off malloc stack logging because it was not enabled.
Python(39288) MallocStackLogging: can't turn off malloc stack logging because it was not enabled.
Python(39315) MallocStackLogging: can't turn off malloc stack logging because it was not enabled.
Python(39342) MallocStackLogging: can't turn off malloc stack logging because it was not enabled.
Python(39384) MallocStackLogging: can't turn off malloc stack logging because it was not enabled.
Python(39411) MallocStackLogging: can't turn off malloc stack logging because it was not enabled.
Python(39438) MallocStackLogging: can't turn off malloc stack logging because it was not enabled.
Python(39465) MallocStackLogging: can't turn off malloc stack logging because it was not enabled.
Python(39493) MallocStackLogging: can't turn off malloc stack logging because it was not enabled.
Python(39520) MallocStackLogging: can't turn off malloc stack logging because it was not enabled.
     0     80.6   70.8%     85.8%  -15.0    14%      37     1.7h
Python(39547) MallocStackLogging: can't turn off malloc stack logging because it was not enabled.
Python(39593) MallocStackLogging: can't turn off malloc stack logging because it was not enabled.
Python(39620) MallocStackLogging: can't turn off malloc stack logging because it was not enabled.
Python(39657) MallocStackLogging: can't turn off malloc stack logging because it was not enabled.
Python(39687) MallocStackLogging: can't turn off malloc stack logging because it was not enabled.
Python(39738) MallocStackLogging: can't turn off malloc stack logging because it was not enabled.
Python(39765) MallocStackLogging: can't turn off malloc stack logging because it was not enabled.
Python(39792) MallocStackLogging: can't turn off malloc stack logging because it was not enabled.
Python(39819) MallocStackLogging: can't turn off malloc stack logging because it was not enabled.
Python(39846) MallocStackLogging: can't turn off malloc stack logging because it was not enabled.
Python(39873) MallocStackLogging: can't turn off malloc stack logging because it was not enabled.
Python(39900) MallocStackLogging: can't turn off malloc stack logging because it was not enabled.
Python(39933) MallocStackLogging: can't turn off malloc stack logging because it was not enabled.
Python(39964) MallocStackLogging: can't turn off malloc stack logging because it was not enabled.
Python(39992) MallocStackLogging: can't turn off malloc stack logging because it was not enabled.
Python(40019) MallocStackLogging: can't turn off malloc stack logging because it was not enabled.
Python(40046) MallocStackLogging: can't turn off malloc stack logging because it was not enabled.
Python(40073) MallocStackLogging: can't turn off malloc stack logging because it was not enabled.
Python(40100) MallocStackLogging: can't turn off malloc stack logging because it was not enabled.
Python(40133) MallocStackLogging: can't turn off malloc stack logging because it was not enabled.
Python(40161) MallocStackLogging: can't turn off malloc stack logging because it was not enabled.
Python(40191) MallocStackLogging: can't turn off malloc stack logging because it was not enabled.
Python(40219) MallocStackLogging: can't turn off malloc stack logging because it was not enabled.
Python(40249) MallocStackLogging: can't turn off malloc stack logging because it was not enabled.
Python(40276) MallocStackLogging: can't turn off malloc stack logging because it was not enabled.
Python(40303) MallocStackLogging: can't turn off malloc stack logging because it was not enabled.
Python(40330) MallocStackLogging: can't turn off malloc stack logging because it was not enabled.
Python(40363) MallocStackLogging: can't turn off malloc stack logging because it was not enabled.
Python(40394) MallocStackLogging: can't turn off malloc stack logging because it was not enabled.
Python(40421) MallocStackLogging: can't turn off malloc stack logging because it was not enabled.
Python(40448) MallocStackLogging: can't turn off malloc stack logging because it was not enabled.
Python(40476) MallocStackLogging: can't turn off malloc stack logging because it was not enabled.
Python(40503) MallocStackLogging: can't turn off malloc stack logging because it was not enabled.
Python(40536) MallocStackLogging: can't turn off malloc stack logging because it was not enabled.
Python(40572) MallocStackLogging: can't turn off malloc stack logging because it was not enabled.
Python(40604) MallocStackLogging: can't turn off malloc stack logging because it was not enabled.
Python(40649) MallocStackLogging: can't turn off malloc stack logging because it was not enabled.
Python(40676) MallocStackLogging: can't turn off malloc stack logging because it was not enabled.
Python(40706) MallocStackLogging: can't turn off malloc stack logging because it was not enabled.
Python(40733) MallocStackLogging: can't turn off malloc stack logging because it was not enabled.
     0     62.6   97.5%    100.0%   -2.5     0%      77     2.1h
Python(40772) MallocStackLogging: can't turn off malloc stack logging because it was not enabled.
Python(40800) MallocStackLogging: can't turn off malloc stack logging because it was not enabled.
Python(40833) MallocStackLogging: can't turn off malloc stack logging because it was not enabled.
Python(40865) MallocStackLogging: can't turn off malloc stack logging because it was not enabled.
Python(40897) MallocStackLogging: can't turn off malloc stack logging because it was not enabled.
Python(40925) MallocStackLogging: can't turn off malloc stack logging because it was not enabled.
Python(40953) MallocStackLogging: can't turn off malloc stack logging because it was not enabled.
Python(40980) MallocStackLogging: can't turn off malloc stack logging because it was not enabled.
Python(41011) MallocStackLogging: can't turn off malloc stack logging because it was not enabled.
Python(41040) MallocStackLogging: can't turn off malloc stack logging because it was not enabled.
Python(41073) MallocStackLogging: can't turn off malloc stack logging because it was not enabled.
Python(41104) MallocStackLogging: can't turn off malloc stack logging because it was not enabled.
Python(41131) MallocStackLogging: can't turn off malloc stack logging because it was not enabled.
Python(41158) MallocStackLogging: can't turn off malloc stack logging because it was not enabled.
Python(41209) MallocStackLogging: can't turn off malloc stack logging because it was not enabled.
Python(41315) MallocStackLogging: can't turn off malloc stack logging because it was not enabled.
Python(41353) MallocStackLogging: can't turn off malloc stack logging because it was not enabled.
Python(41380) MallocStackLogging: can't turn off malloc stack logging because it was not enabled.
Python(41407) MallocStackLogging: can't turn off malloc stack logging because it was not enabled.
Python(41434) MallocStackLogging: can't turn off malloc stack logging because it was not enabled.
Python(41463) MallocStackLogging: can't turn off malloc stack logging because it was not enabled.
Python(41492) MallocStackLogging: can't turn off malloc stack logging because it was not enabled.
Python(41520) MallocStackLogging: can't turn off malloc stack logging because it was not enabled.
Python(41547) MallocStackLogging: can't turn off malloc stack logging because it was not enabled.
Python(41586) MallocStackLogging: can't turn off malloc stack logging because it was not enabled.
Python(41613) MallocStackLogging: can't turn off malloc stack logging because it was not enabled.
Python(41640) MallocStackLogging: can't turn off malloc stack logging because it was not enabled.
Python(41667) MallocStackLogging: can't turn off malloc stack logging because it was not enabled.
Python(41695) MallocStackLogging: can't turn off malloc stack logging because it was not enabled.
Python(41733) MallocStackLogging: can't turn off malloc stack logging because it was not enabled.
Python(41761) MallocStackLogging: can't turn off malloc stack logging because it was not enabled.
Python(41806) MallocStackLogging: can't turn off malloc stack logging because it was not enabled.
Python(41896) MallocStackLogging: can't turn off malloc stack logging because it was not enabled.
Python(41935) MallocStackLogging: can't turn off malloc stack logging because it was not enabled.
Python(42037) MallocStackLogging: can't turn off malloc stack logging because it was not enabled.
Python(42068) MallocStackLogging: can't turn off malloc stack logging because it was not enabled.
Python(42095) MallocStackLogging: can't turn off malloc stack logging because it was not enabled.
Python(42122) MallocStackLogging: can't turn off malloc stack logging because it was not enabled.
Python(42154) MallocStackLogging: can't turn off malloc stack logging because it was not enabled.
Python(42181) MallocStackLogging: can't turn off malloc stack logging because it was not enabled.
     0     44.6  100.0%    100.0%   +0.0     0%     117     2.4h
Python(42208) MallocStackLogging: can't turn off malloc stack logging because it was not enabled.
Python(42235) MallocStackLogging: can't turn off malloc stack logging because it was not enabled.
Python(42267) MallocStackLogging: can't turn off malloc stack logging because it was not enabled.
Python(42299) MallocStackLogging: can't turn off malloc stack logging because it was not enabled.
Python(42329) MallocStackLogging: can't turn off malloc stack logging because it was not enabled.
Python(42356) MallocStackLogging: can't turn off malloc stack logging because it was not enabled.
Python(42383) MallocStackLogging: can't turn off malloc stack logging because it was not enabled.
Python(42410) MallocStackLogging: can't turn off malloc stack logging because it was not enabled.
Python(42437) MallocStackLogging: can't turn off malloc stack logging because it was not enabled.
Python(42464) MallocStackLogging: can't turn off malloc stack logging because it was not enabled.
Python(42496) MallocStackLogging: can't turn off malloc stack logging because it was not enabled.
Python(42528) MallocStackLogging: can't turn off malloc stack logging because it was not enabled.
Python(42556) MallocStackLogging: can't turn off malloc stack logging because it was not enabled.
Python(42598) MallocStackLogging: can't turn off malloc stack logging because it was not enabled.
Python(42635) MallocStackLogging: can't turn off malloc stack logging because it was not enabled.
Python(42664) MallocStackLogging: can't turn off malloc stack logging because it was not enabled.
Python(42691) MallocStackLogging: can't turn off malloc stack logging because it was not enabled.
Python(42720) MallocStackLogging: can't turn off malloc stack logging because it was not enabled.
Python(42747) MallocStackLogging: can't turn off malloc stack logging because it was not enabled.
Python(42774) MallocStackLogging: can't turn off malloc stack logging because it was not enabled.
Python(42803) MallocStackLogging: can't turn off malloc stack logging because it was not enabled.
Python(42830) MallocStackLogging: can't turn off malloc stack logging because it was not enabled.
Python(42867) MallocStackLogging: can't turn off malloc stack logging because it was not enabled.
Python(42894) MallocStackLogging: can't turn off malloc stack logging because it was not enabled.
Python(42921) MallocStackLogging: can't turn off malloc stack logging because it was not enabled.
Python(42948) MallocStackLogging: can't turn off malloc stack logging because it was not enabled.
Python(42975) MallocStackLogging: can't turn off malloc stack logging because it was not enabled.
Python(43006) MallocStackLogging: can't turn off malloc stack logging because it was not enabled.
Python(43033) MallocStackLogging: can't turn off malloc stack logging because it was not enabled.
Python(43060) MallocStackLogging: can't turn off malloc stack logging because it was not enabled.
Python(43097) MallocStackLogging: can't turn off malloc stack logging because it was not enabled.
Python(43124) MallocStackLogging: can't turn off malloc stack logging because it was not enabled.
Python(43151) MallocStackLogging: can't turn off malloc stack logging because it was not enabled.
Python(43178) MallocStackLogging: can't turn off malloc stack logging because it was not enabled.
Python(43205) MallocStackLogging: can't turn off malloc stack logging because it was not enabled.
Python(43232) MallocStackLogging: can't turn off malloc stack logging because it was not enabled.
Python(43259) MallocStackLogging: can't turn off malloc stack logging because it was not enabled.
Python(43289) MallocStackLogging: can't turn off malloc stack logging because it was not enabled.
Python(43328) MallocStackLogging: can't turn off malloc stack logging because it was not enabled.
Python(43355) MallocStackLogging: can't turn off malloc stack logging because it was not enabled.
     0     26.6  100.0%    100.0%   +0.0     0%     157     2.8h
Python(43382) MallocStackLogging: can't turn off malloc stack logging because it was not enabled.
Python(43410) MallocStackLogging: can't turn off malloc stack logging because it was not enabled.
Python(43437) MallocStackLogging: can't turn off malloc stack logging because it was not enabled.
Python(43464) MallocStackLogging: can't turn off malloc stack logging because it was not enabled.
Python(43491) MallocStackLogging: can't turn off malloc stack logging because it was not enabled.
Python(43519) MallocStackLogging: can't turn off malloc stack logging because it was not enabled.
Python(43556) MallocStackLogging: can't turn off malloc stack logging because it was not enabled.
Python(43583) MallocStackLogging: can't turn off malloc stack logging because it was not enabled.
Python(43610) MallocStackLogging: can't turn off malloc stack logging because it was not enabled.
Python(43637) MallocStackLogging: can't turn off malloc stack logging because it was not enabled.
Python(43664) MallocStackLogging: can't turn off malloc stack logging because it was not enabled.
Python(43691) MallocStackLogging: can't turn off malloc stack logging because it was not enabled.
Python(43718) MallocStackLogging: can't turn off malloc stack logging because it was not enabled.
Python(43745) MallocStackLogging: can't turn off malloc stack logging because it was not enabled.
Python(43782) MallocStackLogging: can't turn off malloc stack logging because it was not enabled.
Python(43809) MallocStackLogging: can't turn off malloc stack logging because it was not enabled.
Python(43837) MallocStackLogging: can't turn off malloc stack logging because it was not enabled.
Python(43870) MallocStackLogging: can't turn off malloc stack logging because it was not enabled.
Python(43897) MallocStackLogging: can't turn off malloc stack logging because it was not enabled.
Python(43924) MallocStackLogging: can't turn off malloc stack logging because it was not enabled.
Python(43954) MallocStackLogging: can't turn off malloc stack logging because it was not enabled.
Python(43987) MallocStackLogging: can't turn off malloc stack logging because it was not enabled.
Python(44014) MallocStackLogging: can't turn off malloc stack logging because it was not enabled.
Python(44045) MallocStackLogging: can't turn off malloc stack logging because it was not enabled.
Python(44074) MallocStackLogging: can't turn off malloc stack logging because it was not enabled.
Python(44132) MallocStackLogging: can't turn off malloc stack logging because it was not enabled.
Python(44185) MallocStackLogging: can't turn off malloc stack logging because it was not enabled.
Python(44212) MallocStackLogging: can't turn off malloc stack logging because it was not enabled.
Python(44240) MallocStackLogging: can't turn off malloc stack logging because it was not enabled.
Python(44267) MallocStackLogging: can't turn off malloc stack logging because it was not enabled.
Python(44294) MallocStackLogging: can't turn off malloc stack logging because it was not enabled.
Python(44321) MallocStackLogging: can't turn off malloc stack logging because it was not enabled.
Python(44348) MallocStackLogging: can't turn off malloc stack logging because it was not enabled.
Python(44375) MallocStackLogging: can't turn off malloc stack logging because it was not enabled.
Python(44473) MallocStackLogging: can't turn off malloc stack logging because it was not enabled.
Python(44530) MallocStackLogging: can't turn off malloc stack logging because it was not enabled.
Python(44574) MallocStackLogging: can't turn off malloc stack logging because it was not enabled.
Python(44618) MallocStackLogging: can't turn off malloc stack logging because it was not enabled.
Python(44667) MallocStackLogging: can't turn off malloc stack logging because it was not enabled.
Python(44740) MallocStackLogging: can't turn off malloc stack logging because it was not enabled.
     0      8.6  100.0%    100.0%   +0.0     0%     197     3.1h
Python(44819) MallocStackLogging: can't turn off malloc stack logging because it was not enabled.
Python(44883) MallocStackLogging: can't turn off malloc stack logging because it was not enabled.
Python(44939) MallocStackLogging: can't turn off malloc stack logging because it was not enabled.
Python(44999) MallocStackLogging: can't turn off malloc stack logging because it was not enabled.
Python(45043) MallocStackLogging: can't turn off malloc stack logging because it was not enabled.
Python(45079) MallocStackLogging: can't turn off malloc stack logging because it was not enabled.
Python(45133) MallocStackLogging: can't turn off malloc stack logging because it was not enabled.
Python(45180) MallocStackLogging: can't turn off malloc stack logging because it was not enabled.
Python(45210) MallocStackLogging: can't turn off malloc stack logging because it was not enabled.
Python(45237) MallocStackLogging: can't turn off malloc stack logging because it was not enabled.
Python(45275) MallocStackLogging: can't turn off malloc stack logging because it was not enabled.
Python(45320) MallocStackLogging: can't turn off malloc stack logging because it was not enabled.
Python(45371) MallocStackLogging: can't turn off malloc stack logging because it was not enabled.
Python(45434) MallocStackLogging: can't turn off malloc stack logging because it was not enabled.
Python(45461) MallocStackLogging: can't turn off malloc stack logging because it was not enabled.
Python(45489) MallocStackLogging: can't turn off malloc stack logging because it was not enabled.
Python(45517) MallocStackLogging: can't turn off malloc stack logging because it was not enabled.
Python(45544) MallocStackLogging: can't turn off malloc stack logging because it was not enabled.
Python(45572) MallocStackLogging: can't turn off malloc stack logging because it was not enabled.
Python(45599) MallocStackLogging: can't turn off malloc stack logging because it was not enabled.
Python(45627) MallocStackLogging: can't turn off malloc stack logging because it was not enabled.
Python(45664) MallocStackLogging: can't turn off malloc stack logging because it was not enabled.
Python(45691) MallocStackLogging: can't turn off malloc stack logging because it was not enabled.
Python(45718) MallocStackLogging: can't turn off malloc stack logging because it was not enabled.
Python(45747) MallocStackLogging: can't turn off malloc stack logging because it was not enabled.
Python(45793) MallocStackLogging: can't turn off malloc stack logging because it was not enabled.
Python(45830) MallocStackLogging: can't turn off malloc stack logging because it was not enabled.
Python(45893) MallocStackLogging: can't turn off malloc stack logging because it was not enabled.
Python(45937) MallocStackLogging: can't turn off malloc stack logging because it was not enabled.
Python(45968) MallocStackLogging: can't turn off malloc stack logging because it was not enabled.
Python(46002) MallocStackLogging: can't turn off malloc stack logging because it was not enabled.
Python(46029) MallocStackLogging: can't turn off malloc stack logging because it was not enabled.
Python(46067) MallocStackLogging: can't turn off malloc stack logging because it was not enabled.
Python(46096) MallocStackLogging: can't turn off malloc stack logging because it was not enabled.
Python(46190) MallocStackLogging: can't turn off malloc stack logging because it was not enabled.
Python(46226) MallocStackLogging: can't turn off malloc stack logging because it was not enabled.
Python(46255) MallocStackLogging: can't turn off malloc stack logging because it was not enabled.
Python(46345) MallocStackLogging: can't turn off malloc stack logging because it was not enabled.
Python(46429) MallocStackLogging: can't turn off malloc stack logging because it was not enabled.
Python(46492) MallocStackLogging: can't turn off malloc stack logging because it was not enabled.
     0      5.1  100.0%    100.0%   +0.0     0%     208     3.4h
Python(46554) MallocStackLogging: can't turn off malloc stack logging because it was not enabled.
Python(46582) MallocStackLogging: can't turn off malloc stack logging because it was not enabled.
Python(46609) MallocStackLogging: can't turn off malloc stack logging because it was not enabled.
Python(46636) MallocStackLogging: can't turn off malloc stack logging because it was not enabled.
Python(46664) MallocStackLogging: can't turn off malloc stack logging because it was not enabled.
Python(46691) MallocStackLogging: can't turn off malloc stack logging because it was not enabled.
Python(46718) MallocStackLogging: can't turn off malloc stack logging because it was not enabled.
Python(46755) MallocStackLogging: can't turn off malloc stack logging because it was not enabled.
Python(46783) MallocStackLogging: can't turn off malloc stack logging because it was not enabled.
Python(46810) MallocStackLogging: can't turn off malloc stack logging because it was not enabled.
Python(46837) MallocStackLogging: can't turn off malloc stack logging because it was not enabled.
Python(46904) MallocStackLogging: can't turn off malloc stack logging because it was not enabled.
Python(46931) MallocStackLogging: can't turn off malloc stack logging because it was not enabled.
Python(46958) MallocStackLogging: can't turn off malloc stack logging because it was not enabled.
Python(46985) MallocStackLogging: can't turn off malloc stack logging because it was not enabled.
Python(47012) MallocStackLogging: can't turn off malloc stack logging because it was not enabled.
Python(47040) MallocStackLogging: can't turn off malloc stack logging because it was not enabled.
Python(47067) MallocStackLogging: can't turn off malloc stack logging because it was not enabled.
Python(47094) MallocStackLogging: can't turn off malloc stack logging because it was not enabled.
Python(47131) MallocStackLogging: can't turn off malloc stack logging because it was not enabled.
Python(47159) MallocStackLogging: can't turn off malloc stack logging because it was not enabled.
Python(47224) MallocStackLogging: can't turn off malloc stack logging because it was not enabled.
Python(47353) MallocStackLogging: can't turn off malloc stack logging because it was not enabled.
Python(47434) MallocStackLogging: can't turn off malloc stack logging because it was not enabled.
Python(47560) MallocStackLogging: can't turn off malloc stack logging because it was not enabled.
Python(47607) MallocStackLogging: can't turn off malloc stack logging because it was not enabled.
Python(47639) MallocStackLogging: can't turn off malloc stack logging because it was not enabled.
Python(47677) MallocStackLogging: can't turn off malloc stack logging because it was not enabled.
Python(47705) MallocStackLogging: can't turn off malloc stack logging because it was not enabled.
Python(47774) MallocStackLogging: can't turn off malloc stack logging because it was not enabled.
Python(47819) MallocStackLogging: can't turn off malloc stack logging because it was not enabled.
Python(47921) MallocStackLogging: can't turn off malloc stack logging because it was not enabled.
Python(48024) MallocStackLogging: can't turn off malloc stack logging because it was not enabled.
Python(48108) MallocStackLogging: can't turn off malloc stack logging because it was not enabled.
Python(48196) MallocStackLogging: can't turn off malloc stack logging because it was not enabled.
Python(48235) MallocStackLogging: can't turn off malloc stack logging because it was not enabled.
Python(48274) MallocStackLogging: can't turn off malloc stack logging because it was not enabled.
Python(48312) MallocStackLogging: can't turn off malloc stack logging because it was not enabled.
Python(48350) MallocStackLogging: can't turn off malloc stack logging because it was not enabled.
Python(48387) MallocStackLogging: can't turn off malloc stack logging because it was not enabled.
     0      5.1  100.0%    100.0%   +0.0     0%     212     3.8h
Python(48416) MallocStackLogging: can't turn off malloc stack logging because it was not enabled.
Python(48477) MallocStackLogging: can't turn off malloc stack logging because it was not enabled.
Python(48540) MallocStackLogging: can't turn off malloc stack logging because it was not enabled.
Python(48592) MallocStackLogging: can't turn off malloc stack logging because it was not enabled.
Python(48631) MallocStackLogging: can't turn off malloc stack logging because it was not enabled.
Python(48669) MallocStackLogging: can't turn off malloc stack logging because it was not enabled.
Python(48702) MallocStackLogging: can't turn off malloc stack logging because it was not enabled.
Python(48740) MallocStackLogging: can't turn off malloc stack logging because it was not enabled.
Python(48772) MallocStackLogging: can't turn off malloc stack logging because it was not enabled.
Python(48809) MallocStackLogging: can't turn off malloc stack logging because it was not enabled.
Python(48836) MallocStackLogging: can't turn off malloc stack logging because it was not enabled.
Python(48872) MallocStackLogging: can't turn off malloc stack logging because it was not enabled.
Python(48900) MallocStackLogging: can't turn off malloc stack logging because it was not enabled.
Python(48929) MallocStackLogging: can't turn off malloc stack logging because it was not enabled.
Python(48971) MallocStackLogging: can't turn off malloc stack logging because it was not enabled.
Python(49010) MallocStackLogging: can't turn off malloc stack logging because it was not enabled.
Python(49038) MallocStackLogging: can't turn off malloc stack logging because it was not enabled.
Python(49087) MallocStackLogging: can't turn off malloc stack logging because it was not enabled.
Python(49115) MallocStackLogging: can't turn off malloc stack logging because it was not enabled.
Python(49151) MallocStackLogging: can't turn off malloc stack logging because it was not enabled.
Python(49178) MallocStackLogging: can't turn off malloc stack logging because it was not enabled.
Python(49205) MallocStackLogging: can't turn off malloc stack logging because it was not enabled.
Python(49232) MallocStackLogging: can't turn off malloc stack logging because it was not enabled.
Python(49259) MallocStackLogging: can't turn off malloc stack logging because it was not enabled.
Python(49287) MallocStackLogging: can't turn off malloc stack logging because it was not enabled.
Python(49318) MallocStackLogging: can't turn off malloc stack logging because it was not enabled.
Python(49345) MallocStackLogging: can't turn off malloc stack logging because it was not enabled.
Python(49372) MallocStackLogging: can't turn off malloc stack logging because it was not enabled.
Python(49400) MallocStackLogging: can't turn off malloc stack logging because it was not enabled.
Python(49427) MallocStackLogging: can't turn off malloc stack logging because it was not enabled.
Python(49455) MallocStackLogging: can't turn off malloc stack logging because it was not enabled.
Python(49483) MallocStackLogging: can't turn off malloc stack logging because it was not enabled.
Python(49510) MallocStackLogging: can't turn off malloc stack logging because it was not enabled.
Python(49537) MallocStackLogging: can't turn off malloc stack logging because it was not enabled.
Python(49564) MallocStackLogging: can't turn off malloc stack logging because it was not enabled.
Python(49591) MallocStackLogging: can't turn off malloc stack logging because it was not enabled.
Python(49622) MallocStackLogging: can't turn off malloc stack logging because it was not enabled.
Python(49649) MallocStackLogging: can't turn off malloc stack logging because it was not enabled.
Python(49677) MallocStackLogging: can't turn off malloc stack logging because it was not enabled.
Python(49704) MallocStackLogging: can't turn off malloc stack logging because it was not enabled.
     0      5.1  100.0%    100.0%   +0.0     0%     216     4.1h
Python(49733) MallocStackLogging: can't turn off malloc stack logging because it was not enabled.
Python(49761) MallocStackLogging: can't turn off malloc stack logging because it was not enabled.
Python(49788) MallocStackLogging: can't turn off malloc stack logging because it was not enabled.
Python(49815) MallocStackLogging: can't turn off malloc stack logging because it was not enabled.
Python(49843) MallocStackLogging: can't turn off malloc stack logging because it was not enabled.
Python(49870) MallocStackLogging: can't turn off malloc stack logging because it was not enabled.
Python(49897) MallocStackLogging: can't turn off malloc stack logging because it was not enabled.
Python(49924) MallocStackLogging: can't turn off malloc stack logging because it was not enabled.
Python(49952) MallocStackLogging: can't turn off malloc stack logging because it was not enabled.
Python(49979) MallocStackLogging: can't turn off malloc stack logging because it was not enabled.
Python(50006) MallocStackLogging: can't turn off malloc stack logging because it was not enabled.
Python(50033) MallocStackLogging: can't turn off malloc stack logging because it was not enabled.
Python(50060) MallocStackLogging: can't turn off malloc stack logging because it was not enabled.
Python(50087) MallocStackLogging: can't turn off malloc stack logging because it was not enabled.
Python(50115) MallocStackLogging: can't turn off malloc stack logging because it was not enabled.
Python(50142) MallocStackLogging: can't turn off malloc stack logging because it was not enabled.
Python(50170) MallocStackLogging: can't turn off malloc stack logging because it was not enabled.
Python(50197) MallocStackLogging: can't turn off malloc stack logging because it was not enabled.
Python(50224) MallocStackLogging: can't turn off malloc stack logging because it was not enabled.
Python(50251) MallocStackLogging: can't turn off malloc stack logging because it was not enabled.
Python(50279) MallocStackLogging: can't turn off malloc stack logging because it was not enabled.
Python(50306) MallocStackLogging: can't turn off malloc stack logging because it was not enabled.
Python(50333) MallocStackLogging: can't turn off malloc stack logging because it was not enabled.
Python(50361) MallocStackLogging: can't turn off malloc stack logging because it was not enabled.
Python(50389) MallocStackLogging: can't turn off malloc stack logging because it was not enabled.
Python(50421) MallocStackLogging: can't turn off malloc stack logging because it was not enabled.
Python(50448) MallocStackLogging: can't turn off malloc stack logging because it was not enabled.
Python(50476) MallocStackLogging: can't turn off malloc stack logging because it was not enabled.
Python(50504) MallocStackLogging: can't turn off malloc stack logging because it was not enabled.
Python(50532) MallocStackLogging: can't turn off malloc stack logging because it was not enabled.
Python(50559) MallocStackLogging: can't turn off malloc stack logging because it was not enabled.
Python(50586) MallocStackLogging: can't turn off malloc stack logging because it was not enabled.
Python(50613) MallocStackLogging: can't turn off malloc stack logging because it was not enabled.
Python(50640) MallocStackLogging: can't turn off malloc stack logging because it was not enabled.
Python(50667) MallocStackLogging: can't turn off malloc stack logging because it was not enabled.
Python(50694) MallocStackLogging: can't turn off malloc stack logging because it was not enabled.
Python(50722) MallocStackLogging: can't turn off malloc stack logging because it was not enabled.
Python(50749) MallocStackLogging: can't turn off malloc stack logging because it was not enabled.
Python(50776) MallocStackLogging: can't turn off malloc stack logging because it was not enabled.
Python(50812) MallocStackLogging: can't turn off malloc stack logging because it was not enabled.
     0      5.1  100.0%    100.0%   +0.0     0%     220     4.4h
Python(50839) MallocStackLogging: can't turn off malloc stack logging because it was not enabled.
Python(50867) MallocStackLogging: can't turn off malloc stack logging because it was not enabled.
Python(50894) MallocStackLogging: can't turn off malloc stack logging because it was not enabled.
Python(50921) MallocStackLogging: can't turn off malloc stack logging because it was not enabled.
Python(50949) MallocStackLogging: can't turn off malloc stack logging because it was not enabled.
Python(50976) MallocStackLogging: can't turn off malloc stack logging because it was not enabled.
Python(51003) MallocStackLogging: can't turn off malloc stack logging because it was not enabled.
Python(51030) MallocStackLogging: can't turn off malloc stack logging because it was not enabled.
Python(51058) MallocStackLogging: can't turn off malloc stack logging because it was not enabled.
Python(51085) MallocStackLogging: can't turn off malloc stack logging because it was not enabled.
Python(51113) MallocStackLogging: can't turn off malloc stack logging because it was not enabled.
Python(51140) MallocStackLogging: can't turn off malloc stack logging because it was not enabled.
Python(51167) MallocStackLogging: can't turn off malloc stack logging because it was not enabled.
Python(51194) MallocStackLogging: can't turn off malloc stack logging because it was not enabled.
Python(51221) MallocStackLogging: can't turn off malloc stack logging because it was not enabled.
Python(51248) MallocStackLogging: can't turn off malloc stack logging because it was not enabled.
Python(51276) MallocStackLogging: can't turn off malloc stack logging because it was not enabled.
Python(51304) MallocStackLogging: can't turn off malloc stack logging because it was not enabled.
Python(51331) MallocStackLogging: can't turn off malloc stack logging because it was not enabled.
Python(51358) MallocStackLogging: can't turn off malloc stack logging because it was not enabled.
Python(51386) MallocStackLogging: can't turn off malloc stack logging because it was not enabled.
Python(51413) MallocStackLogging: can't turn off malloc stack logging because it was not enabled.
Python(51440) MallocStackLogging: can't turn off malloc stack logging because it was not enabled.
Python(51467) MallocStackLogging: can't turn off malloc stack logging because it was not enabled.
Python(51495) MallocStackLogging: can't turn off malloc stack logging because it was not enabled.
Python(51522) MallocStackLogging: can't turn off malloc stack logging because it was not enabled.
Python(51549) MallocStackLogging: can't turn off malloc stack logging because it was not enabled.
Python(51578) MallocStackLogging: can't turn off malloc stack logging because it was not enabled.
Python(51606) MallocStackLogging: can't turn off malloc stack logging because it was not enabled.
Python(51633) MallocStackLogging: can't turn off malloc stack logging because it was not enabled.
Python(51660) MallocStackLogging: can't turn off malloc stack logging because it was not enabled.
Python(51688) MallocStackLogging: can't turn off malloc stack logging because it was not enabled.
Python(51715) MallocStackLogging: can't turn off malloc stack logging because it was not enabled.
Python(51742) MallocStackLogging: can't turn off malloc stack logging because it was not enabled.
Python(51769) MallocStackLogging: can't turn off malloc stack logging because it was not enabled.
Python(51796) MallocStackLogging: can't turn off malloc stack logging because it was not enabled.
Python(51824) MallocStackLogging: can't turn off malloc stack logging because it was not enabled.
Python(51851) MallocStackLogging: can't turn off malloc stack logging because it was not enabled.
Python(51878) MallocStackLogging: can't turn off malloc stack logging because it was not enabled.
Python(51906) MallocStackLogging: can't turn off malloc stack logging because it was not enabled.
     0      5.1  100.0%    100.0%   +0.0     0%     224     4.8h
Python(51935) MallocStackLogging: can't turn off malloc stack logging because it was not enabled.
Python(51962) MallocStackLogging: can't turn off malloc stack logging because it was not enabled.
Python(51989) MallocStackLogging: can't turn off malloc stack logging because it was not enabled.
Python(52016) MallocStackLogging: can't turn off malloc stack logging because it was not enabled.
Python(52044) MallocStackLogging: can't turn off malloc stack logging because it was not enabled.
Python(52071) MallocStackLogging: can't turn off malloc stack logging because it was not enabled.
Python(52098) MallocStackLogging: can't turn off malloc stack logging because it was not enabled.
Python(52125) MallocStackLogging: can't turn off malloc stack logging because it was not enabled.
Python(52153) MallocStackLogging: can't turn off malloc stack logging because it was not enabled.
Python(52180) MallocStackLogging: can't turn off malloc stack logging because it was not enabled.
Python(52207) MallocStackLogging: can't turn off malloc stack logging because it was not enabled.
Python(52234) MallocStackLogging: can't turn off malloc stack logging because it was not enabled.
Python(52263) MallocStackLogging: can't turn off malloc stack logging because it was not enabled.
Python(52290) MallocStackLogging: can't turn off malloc stack logging because it was not enabled.
Python(52317) MallocStackLogging: can't turn off malloc stack logging because it was not enabled.
Python(52344) MallocStackLogging: can't turn off malloc stack logging because it was not enabled.
Python(52372) MallocStackLogging: can't turn off malloc stack logging because it was not enabled.
Python(52399) MallocStackLogging: can't turn off malloc stack logging because it was not enabled.
Python(52428) MallocStackLogging: can't turn off malloc stack logging because it was not enabled.
Python(52464) MallocStackLogging: can't turn off malloc stack logging because it was not enabled.
Python(52491) MallocStackLogging: can't turn off malloc stack logging because it was not enabled.
Python(52519) MallocStackLogging: can't turn off malloc stack logging because it was not enabled.
Python(52546) MallocStackLogging: can't turn off malloc stack logging because it was not enabled.
Python(52573) MallocStackLogging: can't turn off malloc stack logging because it was not enabled.
Python(52601) MallocStackLogging: can't turn off malloc stack logging because it was not enabled.
Python(52628) MallocStackLogging: can't turn off malloc stack logging because it was not enabled.
Python(52655) MallocStackLogging: can't turn off malloc stack logging because it was not enabled.
Python(52683) MallocStackLogging: can't turn off malloc stack logging because it was not enabled.
Python(52713) MallocStackLogging: can't turn off malloc stack logging because it was not enabled.
Python(52742) MallocStackLogging: can't turn off malloc stack logging because it was not enabled.
Python(52769) MallocStackLogging: can't turn off malloc stack logging because it was not enabled.
Python(52796) MallocStackLogging: can't turn off malloc stack logging because it was not enabled.
Python(52823) MallocStackLogging: can't turn off malloc stack logging because it was not enabled.
Python(52850) MallocStackLogging: can't turn off malloc stack logging because it was not enabled.
Python(52877) MallocStackLogging: can't turn off malloc stack logging because it was not enabled.
Python(52905) MallocStackLogging: can't turn off malloc stack logging because it was not enabled.
Python(52932) MallocStackLogging: can't turn off malloc stack logging because it was not enabled.
Python(52959) MallocStackLogging: can't turn off malloc stack logging because it was not enabled.
Python(52986) MallocStackLogging: can't turn off malloc stack logging because it was not enabled.
Python(53015) MallocStackLogging: can't turn off malloc stack logging because it was not enabled.
     0      5.1  100.0%    100.0%   +0.0     0%     228     5.1h
Python(53045) MallocStackLogging: can't turn off malloc stack logging because it was not enabled.
Python(53072) MallocStackLogging: can't turn off malloc stack logging because it was not enabled.
Python(53100) MallocStackLogging: can't turn off malloc stack logging because it was not enabled.
Python(53128) MallocStackLogging: can't turn off malloc stack logging because it was not enabled.
Python(53155) MallocStackLogging: can't turn off malloc stack logging because it was not enabled.
Python(53182) MallocStackLogging: can't turn off malloc stack logging because it was not enabled.
Python(53209) MallocStackLogging: can't turn off malloc stack logging because it was not enabled.
Python(53237) MallocStackLogging: can't turn off malloc stack logging because it was not enabled.
Python(53264) MallocStackLogging: can't turn off malloc stack logging because it was not enabled.
Python(53291) MallocStackLogging: can't turn off malloc stack logging because it was not enabled.
Python(53318) MallocStackLogging: can't turn off malloc stack logging because it was not enabled.
Python(53346) MallocStackLogging: can't turn off malloc stack logging because it was not enabled.
Python(53374) MallocStackLogging: can't turn off malloc stack logging because it was not enabled.
Python(53401) MallocStackLogging: can't turn off malloc stack logging because it was not enabled.
Python(53428) MallocStackLogging: can't turn off malloc stack logging because it was not enabled.
Python(53456) MallocStackLogging: can't turn off malloc stack logging because it was not enabled.
Python(53483) MallocStackLogging: can't turn off malloc stack logging because it was not enabled.
Python(53510) MallocStackLogging: can't turn off malloc stack logging because it was not enabled.
Python(53538) MallocStackLogging: can't turn off malloc stack logging because it was not enabled.
Python(53566) MallocStackLogging: can't turn off malloc stack logging because it was not enabled.
Python(53593) MallocStackLogging: can't turn off malloc stack logging because it was not enabled.
Python(53622) MallocStackLogging: can't turn off malloc stack logging because it was not enabled.
Python(53649) MallocStackLogging: can't turn off malloc stack logging because it was not enabled.
Python(53678) MallocStackLogging: can't turn off malloc stack logging because it was not enabled.
Python(53705) MallocStackLogging: can't turn off malloc stack logging because it was not enabled.
Python(53732) MallocStackLogging: can't turn off malloc stack logging because it was not enabled.
Python(53759) MallocStackLogging: can't turn off malloc stack logging because it was not enabled.
Python(53787) MallocStackLogging: can't turn off malloc stack logging because it was not enabled.
Python(53814) MallocStackLogging: can't turn off malloc stack logging because it was not enabled.
Python(53841) MallocStackLogging: can't turn off malloc stack logging because it was not enabled.
Python(53870) MallocStackLogging: can't turn off malloc stack logging because it was not enabled.
Python(53898) MallocStackLogging: can't turn off malloc stack logging because it was not enabled.
Python(53925) MallocStackLogging: can't turn off malloc stack logging because it was not enabled.
Python(53952) MallocStackLogging: can't turn off malloc stack logging because it was not enabled.
Python(53979) MallocStackLogging: can't turn off malloc stack logging because it was not enabled.
Python(54009) MallocStackLogging: can't turn off malloc stack logging because it was not enabled.
Python(54037) MallocStackLogging: can't turn off malloc stack logging because it was not enabled.
Python(54065) MallocStackLogging: can't turn off malloc stack logging because it was not enabled.
Python(54101) MallocStackLogging: can't turn off malloc stack logging because it was not enabled.
Python(54129) MallocStackLogging: can't turn off malloc stack logging because it was not enabled.
     0      5.1  100.0%    100.0%   +0.0     0%     232     5.4h
Python(54157) MallocStackLogging: can't turn off malloc stack logging because it was not enabled.
Python(54184) MallocStackLogging: can't turn off malloc stack logging because it was not enabled.
Python(54211) MallocStackLogging: can't turn off malloc stack logging because it was not enabled.
Python(54239) MallocStackLogging: can't turn off malloc stack logging because it was not enabled.
Python(54266) MallocStackLogging: can't turn off malloc stack logging because it was not enabled.
Python(54293) MallocStackLogging: can't turn off malloc stack logging because it was not enabled.
Python(54320) MallocStackLogging: can't turn off malloc stack logging because it was not enabled.
Python(54348) MallocStackLogging: can't turn off malloc stack logging because it was not enabled.
Python(54375) MallocStackLogging: can't turn off malloc stack logging because it was not enabled.
Python(54402) MallocStackLogging: can't turn off malloc stack logging because it was not enabled.
Python(54429) MallocStackLogging: can't turn off malloc stack logging because it was not enabled.
Python(54457) MallocStackLogging: can't turn off malloc stack logging because it was not enabled.
Python(54484) MallocStackLogging: can't turn off malloc stack logging because it was not enabled.
Python(54511) MallocStackLogging: can't turn off malloc stack logging because it was not enabled.
Python(54539) MallocStackLogging: can't turn off malloc stack logging because it was not enabled.
Python(54567) MallocStackLogging: can't turn off malloc stack logging because it was not enabled.
Python(54594) MallocStackLogging: can't turn off malloc stack logging because it was not enabled.
Python(54621) MallocStackLogging: can't turn off malloc stack logging because it was not enabled.
Python(54648) MallocStackLogging: can't turn off malloc stack logging because it was not enabled.
Python(54676) MallocStackLogging: can't turn off malloc stack logging because it was not enabled.
Python(54703) MallocStackLogging: can't turn off malloc stack logging because it was not enabled.
Python(54730) MallocStackLogging: can't turn off malloc stack logging because it was not enabled.
Python(54757) MallocStackLogging: can't turn off malloc stack logging because it was not enabled.
Python(54785) MallocStackLogging: can't turn off malloc stack logging because it was not enabled.
Python(54812) MallocStackLogging: can't turn off malloc stack logging because it was not enabled.
Python(54839) MallocStackLogging: can't turn off malloc stack logging because it was not enabled.
Python(54866) MallocStackLogging: can't turn off malloc stack logging because it was not enabled.
Python(54895) MallocStackLogging: can't turn off malloc stack logging because it was not enabled.
Python(54922) MallocStackLogging: can't turn off malloc stack logging because it was not enabled.
Python(54949) MallocStackLogging: can't turn off malloc stack logging because it was not enabled.
Python(54977) MallocStackLogging: can't turn off malloc stack logging because it was not enabled.
Python(55004) MallocStackLogging: can't turn off malloc stack logging because it was not enabled.
Python(55031) MallocStackLogging: can't turn off malloc stack logging because it was not enabled.
Python(55058) MallocStackLogging: can't turn off malloc stack logging because it was not enabled.
Python(55085) MallocStackLogging: can't turn off malloc stack logging because it was not enabled.
Python(55114) MallocStackLogging: can't turn off malloc stack logging because it was not enabled.
Python(55145) MallocStackLogging: can't turn off malloc stack logging because it was not enabled.
Python(55173) MallocStackLogging: can't turn off malloc stack logging because it was not enabled.
Python(55201) MallocStackLogging: can't turn off malloc stack logging because it was not enabled.
Python(55229) MallocStackLogging: can't turn off malloc stack logging because it was not enabled.
     0      5.1  100.0%    100.0%   +0.0     0%     236     5.8h
Python(55257) MallocStackLogging: can't turn off malloc stack logging because it was not enabled.
Python(55290) MallocStackLogging: can't turn off malloc stack logging because it was not enabled.
Python(55318) MallocStackLogging: can't turn off malloc stack logging because it was not enabled.
Python(55362) MallocStackLogging: can't turn off malloc stack logging because it was not enabled.
Python(55392) MallocStackLogging: can't turn off malloc stack logging because it was not enabled.
Python(55419) MallocStackLogging: can't turn off malloc stack logging because it was not enabled.
Python(55446) MallocStackLogging: can't turn off malloc stack logging because it was not enabled.
Python(55474) MallocStackLogging: can't turn off malloc stack logging because it was not enabled.
Python(55501) MallocStackLogging: can't turn off malloc stack logging because it was not enabled.
Python(55528) MallocStackLogging: can't turn off malloc stack logging because it was not enabled.
Python(55555) MallocStackLogging: can't turn off malloc stack logging because it was not enabled.
Python(55583) MallocStackLogging: can't turn off malloc stack logging because it was not enabled.
Python(55610) MallocStackLogging: can't turn off malloc stack logging because it was not enabled.
Python(55638) MallocStackLogging: can't turn off malloc stack logging because it was not enabled.
Python(55665) MallocStackLogging: can't turn off malloc stack logging because it was not enabled.
Python(55693) MallocStackLogging: can't turn off malloc stack logging because it was not enabled.
Python(55720) MallocStackLogging: can't turn off malloc stack logging because it was not enabled.
Python(55756) MallocStackLogging: can't turn off malloc stack logging because it was not enabled.
Python(55784) MallocStackLogging: can't turn off malloc stack logging because it was not enabled.
Python(55812) MallocStackLogging: can't turn off malloc stack logging because it was not enabled.
Python(55840) MallocStackLogging: can't turn off malloc stack logging because it was not enabled.
Python(55867) MallocStackLogging: can't turn off malloc stack logging because it was not enabled.
Python(55900) MallocStackLogging: can't turn off malloc stack logging because it was not enabled.
Python(55930) MallocStackLogging: can't turn off malloc stack logging because it was not enabled.
Python(55957) MallocStackLogging: can't turn off malloc stack logging because it was not enabled.
Python(55984) MallocStackLogging: can't turn off malloc stack logging because it was not enabled.
Python(56011) MallocStackLogging: can't turn off malloc stack logging because it was not enabled.
Python(56039) MallocStackLogging: can't turn off malloc stack logging because it was not enabled.
Python(56066) MallocStackLogging: can't turn off malloc stack logging because it was not enabled.
Python(56093) MallocStackLogging: can't turn off malloc stack logging because it was not enabled.
Python(56120) MallocStackLogging: can't turn off malloc stack logging because it was not enabled.
Python(56147) MallocStackLogging: can't turn off malloc stack logging because it was not enabled.
Python(56174) MallocStackLogging: can't turn off malloc stack logging because it was not enabled.
Python(56203) MallocStackLogging: can't turn off malloc stack logging because it was not enabled.
Python(56230) MallocStackLogging: can't turn off malloc stack logging because it was not enabled.
Python(56258) MallocStackLogging: can't turn off malloc stack logging because it was not enabled.
Python(56285) MallocStackLogging: can't turn off malloc stack logging because it was not enabled.
Python(56312) MallocStackLogging: can't turn off malloc stack logging because it was not enabled.
Python(56339) MallocStackLogging: can't turn off malloc stack logging because it was not enabled.
Python(56367) MallocStackLogging: can't turn off malloc stack logging because it was not enabled.
     0      5.1  100.0%    100.0%   +0.0     0%     240     6.1h
Python(56395) MallocStackLogging: can't turn off malloc stack logging because it was not enabled.
Python(56422) MallocStackLogging: can't turn off malloc stack logging because it was not enabled.
Python(56450) MallocStackLogging: can't turn off malloc stack logging because it was not enabled.
Python(56479) MallocStackLogging: can't turn off malloc stack logging because it was not enabled.
Python(56509) MallocStackLogging: can't turn off malloc stack logging because it was not enabled.
Python(56539) MallocStackLogging: can't turn off malloc stack logging because it was not enabled.
Python(56569) MallocStackLogging: can't turn off malloc stack logging because it was not enabled.
Python(56598) MallocStackLogging: can't turn off malloc stack logging because it was not enabled.
Python(56628) MallocStackLogging: can't turn off malloc stack logging because it was not enabled.
Python(56656) MallocStackLogging: can't turn off malloc stack logging because it was not enabled.
Python(56687) MallocStackLogging: can't turn off malloc stack logging because it was not enabled.
Python(56715) MallocStackLogging: can't turn off malloc stack logging because it was not enabled.
Python(56743) MallocStackLogging: can't turn off malloc stack logging because it was not enabled.
Python(56812) MallocStackLogging: can't turn off malloc stack logging because it was not enabled.
Python(56843) MallocStackLogging: can't turn off malloc stack logging because it was not enabled.
Python(56875) MallocStackLogging: can't turn off malloc stack logging because it was not enabled.
Python(56908) MallocStackLogging: can't turn off malloc stack logging because it was not enabled.
Python(56937) MallocStackLogging: can't turn off malloc stack logging because it was not enabled.
Python(56965) MallocStackLogging: can't turn off malloc stack logging because it was not enabled.
Python(56998) MallocStackLogging: can't turn off malloc stack logging because it was not enabled.
Python(57027) MallocStackLogging: can't turn off malloc stack logging because it was not enabled.
Python(57068) MallocStackLogging: can't turn off malloc stack logging because it was not enabled.
Python(57109) MallocStackLogging: can't turn off malloc stack logging because it was not enabled.
Python(57140) MallocStackLogging: can't turn off malloc stack logging because it was not enabled.
Python(57183) MallocStackLogging: can't turn off malloc stack logging because it was not enabled.
Python(57210) MallocStackLogging: can't turn off malloc stack logging because it was not enabled.
Python(57238) MallocStackLogging: can't turn off malloc stack logging because it was not enabled.
Python(57267) MallocStackLogging: can't turn off malloc stack logging because it was not enabled.
Python(57294) MallocStackLogging: can't turn off malloc stack logging because it was not enabled.
Python(57321) MallocStackLogging: can't turn off malloc stack logging because it was not enabled.
Python(57350) MallocStackLogging: can't turn off malloc stack logging because it was not enabled.
     0      5.6  100.0%    100.0%   +0.0     0%     243    14.2h
Python(57382) MallocStackLogging: can't turn off malloc stack logging because it was not enabled.
Python(57411) MallocStackLogging: can't turn off malloc stack logging because it was not enabled.
Python(57439) MallocStackLogging: can't turn off malloc stack logging because it was not enabled.
Python(57468) MallocStackLogging: can't turn off malloc stack logging because it was not enabled.
Python(57496) MallocStackLogging: can't turn off malloc stack logging because it was not enabled.
Python(57533) MallocStackLogging: can't turn off malloc stack logging because it was not enabled.
Python(57560) MallocStackLogging: can't turn off malloc stack logging because it was not enabled.
Python(57589) MallocStackLogging: can't turn off malloc stack logging because it was not enabled.
Python(57629) MallocStackLogging: can't turn off malloc stack logging because it was not enabled.
Python(57663) MallocStackLogging: can't turn off malloc stack logging because it was not enabled.
Python(57692) MallocStackLogging: can't turn off malloc stack logging because it was not enabled.
Python(57729) MallocStackLogging: can't turn off malloc stack logging because it was not enabled.
Python(57866) MallocStackLogging: can't turn off malloc stack logging because it was not enabled.
Python(58200) MallocStackLogging: can't turn off malloc stack logging because it was not enabled.
Python(60343) MallocStackLogging: can't turn off malloc stack logging because it was not enabled.
Python(60497) MallocStackLogging: can't turn off malloc stack logging because it was not enabled.
Python(60530) MallocStackLogging: can't turn off malloc stack logging because it was not enabled.
Python(60559) MallocStackLogging: can't turn off malloc stack logging because it was not enabled.
Python(60588) MallocStackLogging: can't turn off malloc stack logging because it was not enabled.
Python(60619) MallocStackLogging: can't turn off malloc stack logging because it was not enabled.
Python(60652) MallocStackLogging: can't turn off malloc stack logging because it was not enabled.
Python(60679) MallocStackLogging: can't turn off malloc stack logging because it was not enabled.
Python(60709) MallocStackLogging: can't turn off malloc stack logging because it was not enabled.
Python(60743) MallocStackLogging: can't turn off malloc stack logging because it was not enabled.
Python(60775) MallocStackLogging: can't turn off malloc stack logging because it was not enabled.
Python(60805) MallocStackLogging: can't turn off malloc stack logging because it was not enabled.
Python(60837) MallocStackLogging: can't turn off malloc stack logging because it was not enabled.
Python(60879) MallocStackLogging: can't turn off malloc stack logging because it was not enabled.
Python(60908) MallocStackLogging: can't turn off malloc stack logging because it was not enabled.
Python(60938) MallocStackLogging: can't turn off malloc stack logging because it was not enabled.
Python(60974) MallocStackLogging: can't turn off malloc stack logging because it was not enabled.
Python(61019) MallocStackLogging: can't turn off malloc stack logging because it was not enabled.
Python(61070) MallocStackLogging: can't turn off malloc stack logging because it was not enabled.
Python(61104) MallocStackLogging: can't turn off malloc stack logging because it was not enabled.
Python(61138) MallocStackLogging: can't turn off malloc stack logging because it was not enabled.
Python(61166) MallocStackLogging: can't turn off malloc stack logging because it was not enabled.
Python(61195) MallocStackLogging: can't turn off malloc stack logging because it was not enabled.
Python(61231) MallocStackLogging: can't turn off malloc stack logging because it was not enabled.
Python(61263) MallocStackLogging: can't turn off malloc stack logging because it was not enabled.
Python(61291) MallocStackLogging: can't turn off malloc stack logging because it was not enabled.
Python(61321) MallocStackLogging: can't turn off malloc stack logging because it was not enabled.
Python(61350) MallocStackLogging: can't turn off malloc stack logging because it was not enabled.
Python(61377) MallocStackLogging: can't turn off malloc stack logging because it was not enabled.
Python(61413) MallocStackLogging: can't turn off malloc stack logging because it was not enabled.
Python(61441) MallocStackLogging: can't turn off malloc stack logging because it was not enabled.
Python(61471) MallocStackLogging: can't turn off malloc stack logging because it was not enabled.
Python(61499) MallocStackLogging: can't turn off malloc stack logging because it was not enabled.
Python(61528) MallocStackLogging: can't turn off malloc stack logging because it was not enabled.
Python(61576) MallocStackLogging: can't turn off malloc stack logging because it was not enabled.
     0      6.3   95.8%     73.3%  +22.5    27%     244    16.4h
Python(61614) MallocStackLogging: can't turn off malloc stack logging because it was not enabled.
Python(61642) MallocStackLogging: can't turn off malloc stack logging because it was not enabled.
Python(61681) MallocStackLogging: can't turn off malloc stack logging because it was not enabled.
Python(61710) MallocStackLogging: can't turn off malloc stack logging because it was not enabled.
Python(61737) MallocStackLogging: can't turn off malloc stack logging because it was not enabled.
Python(61766) MallocStackLogging: can't turn off malloc stack logging because it was not enabled.
Python(61799) MallocStackLogging: can't turn off malloc stack logging because it was not enabled.
Python(61834) MallocStackLogging: can't turn off malloc stack logging because it was not enabled.
Python(61876) MallocStackLogging: can't turn off malloc stack logging because it was not enabled.
Python(61913) MallocStackLogging: can't turn off malloc stack logging because it was not enabled.
Python(61960) MallocStackLogging: can't turn off malloc stack logging because it was not enabled.
Python(61995) MallocStackLogging: can't turn off malloc stack logging because it was not enabled.
Python(62025) MallocStackLogging: can't turn off malloc stack logging because it was not enabled.
Python(62052) MallocStackLogging: can't turn off malloc stack logging because it was not enabled.
Python(62081) MallocStackLogging: can't turn off malloc stack logging because it was not enabled.
Python(62118) MallocStackLogging: can't turn off malloc stack logging because it was not enabled.
Python(62161) MallocStackLogging: can't turn off malloc stack logging because it was not enabled.
Python(62201) MallocStackLogging: can't turn off malloc stack logging because it was not enabled.
Python(62240) MallocStackLogging: can't turn off malloc stack logging because it was not enabled.
Python(62270) MallocStackLogging: can't turn off malloc stack logging because it was not enabled.
Python(62301) MallocStackLogging: can't turn off malloc stack logging because it was not enabled.
Python(62332) MallocStackLogging: can't turn off malloc stack logging because it was not enabled.
Python(62368) MallocStackLogging: can't turn off malloc stack logging because it was not enabled.
Python(62395) MallocStackLogging: can't turn off malloc stack logging because it was not enabled.
Python(62424) MallocStackLogging: can't turn off malloc stack logging because it was not enabled.
Python(62452) MallocStackLogging: can't turn off malloc stack logging because it was not enabled.
Python(62482) MallocStackLogging: can't turn off malloc stack logging because it was not enabled.
Python(62510) MallocStackLogging: can't turn off malloc stack logging because it was not enabled.
Python(62539) MallocStackLogging: can't turn off malloc stack logging because it was not enabled.
Python(62580) MallocStackLogging: can't turn off malloc stack logging because it was not enabled.
Python(62618) MallocStackLogging: can't turn off malloc stack logging because it was not enabled.
Python(62653) MallocStackLogging: can't turn off malloc stack logging because it was not enabled.
Python(62691) MallocStackLogging: can't turn off malloc stack logging because it was not enabled.
Python(62724) MallocStackLogging: can't turn off malloc stack logging because it was not enabled.
Python(62754) MallocStackLogging: can't turn off malloc stack logging because it was not enabled.
Python(62839) MallocStackLogging: can't turn off malloc stack logging because it was not enabled.
Python(62878) MallocStackLogging: can't turn off malloc stack logging because it was not enabled.
Python(62911) MallocStackLogging: can't turn off malloc stack logging because it was not enabled.
Python(62941) MallocStackLogging: can't turn off malloc stack logging because it was not enabled.
Python(62972) MallocStackLogging: can't turn off malloc stack logging because it was not enabled.
     0      7.6   91.7%     55.8%  +35.8    56%     244    16.7h
Python(63001) MallocStackLogging: can't turn off malloc stack logging because it was not enabled.
Python(63043) MallocStackLogging: can't turn off malloc stack logging because it was not enabled.
Python(63071) MallocStackLogging: can't turn off malloc stack logging because it was not enabled.
Python(63098) MallocStackLogging: can't turn off malloc stack logging because it was not enabled.
Python(63125) MallocStackLogging: can't turn off malloc stack logging because it was not enabled.
Python(63153) MallocStackLogging: can't turn off malloc stack logging because it was not enabled.
Python(63186) MallocStackLogging: can't turn off malloc stack logging because it was not enabled.
Python(63217) MallocStackLogging: can't turn off malloc stack logging because it was not enabled.
Python(63826) MallocStackLogging: can't turn off malloc stack logging because it was not enabled.
Python(63853) MallocStackLogging: can't turn off malloc stack logging because it was not enabled.
Python(63880) MallocStackLogging: can't turn off malloc stack logging because it was not enabled.
Python(63907) MallocStackLogging: can't turn off malloc stack logging because it was not enabled.
Python(63935) MallocStackLogging: can't turn off malloc stack logging because it was not enabled.
Python(63962) MallocStackLogging: can't turn off malloc stack logging because it was not enabled.
Python(63990) MallocStackLogging: can't turn off malloc stack logging because it was not enabled.
Python(64017) MallocStackLogging: can't turn off malloc stack logging because it was not enabled.
Python(64045) MallocStackLogging: can't turn off malloc stack logging because it was not enabled.
Python(64073) MallocStackLogging: can't turn off malloc stack logging because it was not enabled.
Python(64104) MallocStackLogging: can't turn off malloc stack logging because it was not enabled.
Python(64139) MallocStackLogging: can't turn off malloc stack logging because it was not enabled.
Python(64168) MallocStackLogging: can't turn off malloc stack logging because it was not enabled.
Python(64196) MallocStackLogging: can't turn off malloc stack logging because it was not enabled.
Python(64223) MallocStackLogging: can't turn off malloc stack logging because it was not enabled.
Python(64518) MallocStackLogging: can't turn off malloc stack logging because it was not enabled.
Python(64885) MallocStackLogging: can't turn off malloc stack logging because it was not enabled.
Python(64921) MallocStackLogging: can't turn off malloc stack logging because it was not enabled.
Python(64957) MallocStackLogging: can't turn off malloc stack logging because it was not enabled.
Python(64986) MallocStackLogging: can't turn off malloc stack logging because it was not enabled.
Python(65015) MallocStackLogging: can't turn off malloc stack logging because it was not enabled.
Python(65047) MallocStackLogging: can't turn off malloc stack logging because it was not enabled.
Python(65078) MallocStackLogging: can't turn off malloc stack logging because it was not enabled.
Python(65108) MallocStackLogging: can't turn off malloc stack logging because it was not enabled.
Python(65137) MallocStackLogging: can't turn off malloc stack logging because it was not enabled.
Python(65167) MallocStackLogging: can't turn off malloc stack logging because it was not enabled.
Python(65203) MallocStackLogging: can't turn off malloc stack logging because it was not enabled.
Python(65231) MallocStackLogging: can't turn off malloc stack logging because it was not enabled.
Python(65260) MallocStackLogging: can't turn off malloc stack logging because it was not enabled.
Python(65288) MallocStackLogging: can't turn off malloc stack logging because it was not enabled.
Python(65317) MallocStackLogging: can't turn off malloc stack logging because it was not enabled.
Python(65347) MallocStackLogging: can't turn off malloc stack logging because it was not enabled.
     0      9.6   91.7%     89.2%   +2.5    89%     244    17.0h
Python(65376) MallocStackLogging: can't turn off malloc stack logging because it was not enabled.
Python(65405) MallocStackLogging: can't turn off malloc stack logging because it was not enabled.
Python(65433) MallocStackLogging: can't turn off malloc stack logging because it was not enabled.
Python(65473) MallocStackLogging: can't turn off malloc stack logging because it was not enabled.
Python(65504) MallocStackLogging: can't turn off malloc stack logging because it was not enabled.
Python(65534) MallocStackLogging: can't turn off malloc stack logging because it was not enabled.
Python(65572) MallocStackLogging: can't turn off malloc stack logging because it was not enabled.
Python(65604) MallocStackLogging: can't turn off malloc stack logging because it was not enabled.
Python(65632) MallocStackLogging: can't turn off malloc stack logging because it was not enabled.
Python(65660) MallocStackLogging: can't turn off malloc stack logging because it was not enabled.
Python(65688) MallocStackLogging: can't turn off malloc stack logging because it was not enabled.
Python(65716) MallocStackLogging: can't turn off malloc stack logging because it was not enabled.
Python(65745) MallocStackLogging: can't turn off malloc stack logging because it was not enabled.
Python(65774) MallocStackLogging: can't turn off malloc stack logging because it was not enabled.
Python(65802) MallocStackLogging: can't turn off malloc stack logging because it was not enabled.
Python(65830) MallocStackLogging: can't turn off malloc stack logging because it was not enabled.
Python(65858) MallocStackLogging: can't turn off malloc stack logging because it was not enabled.
Python(65886) MallocStackLogging: can't turn off malloc stack logging because it was not enabled.
Python(65915) MallocStackLogging: can't turn off malloc stack logging because it was not enabled.
Python(65945) MallocStackLogging: can't turn off malloc stack logging because it was not enabled.
Python(65973) MallocStackLogging: can't turn off malloc stack logging because it was not enabled.
Python(66003) MallocStackLogging: can't turn off malloc stack logging because it was not enabled.
Python(66031) MallocStackLogging: can't turn off malloc stack logging because it was not enabled.
Python(66060) MallocStackLogging: can't turn off malloc stack logging because it was not enabled.
Python(66088) MallocStackLogging: can't turn off malloc stack logging because it was not enabled.
Python(66117) MallocStackLogging: can't turn off malloc stack logging because it was not enabled.
Python(66147) MallocStackLogging: can't turn off malloc stack logging because it was not enabled.
Python(66176) MallocStackLogging: can't turn off malloc stack logging because it was not enabled.
Python(66204) MallocStackLogging: can't turn off malloc stack logging because it was not enabled.
Python(66233) MallocStackLogging: can't turn off malloc stack logging because it was not enabled.
Python(66261) MallocStackLogging: can't turn off malloc stack logging because it was not enabled.
Python(66291) MallocStackLogging: can't turn off malloc stack logging because it was not enabled.
Python(66319) MallocStackLogging: can't turn off malloc stack logging because it was not enabled.
Python(66347) MallocStackLogging: can't turn off malloc stack logging because it was not enabled.
Python(66376) MallocStackLogging: can't turn off malloc stack logging because it was not enabled.
Python(66404) MallocStackLogging: can't turn off malloc stack logging because it was not enabled.
Python(66432) MallocStackLogging: can't turn off malloc stack logging because it was not enabled.
Python(66461) MallocStackLogging: can't turn off malloc stack logging because it was not enabled.
Python(66490) MallocStackLogging: can't turn off malloc stack logging because it was not enabled.
Python(66518) MallocStackLogging: can't turn off malloc stack logging because it was not enabled.
     0     11.6   95.8%     95.8%   +0.0    96%     244    17.4h
Python(66546) MallocStackLogging: can't turn off malloc stack logging because it was not enabled.
Python(66576) MallocStackLogging: can't turn off malloc stack logging because it was not enabled.
Python(66604) MallocStackLogging: can't turn off malloc stack logging because it was not enabled.
Python(66632) MallocStackLogging: can't turn off malloc stack logging because it was not enabled.
Python(66660) MallocStackLogging: can't turn off malloc stack logging because it was not enabled.
Python(66688) MallocStackLogging: can't turn off malloc stack logging because it was not enabled.
Python(66717) MallocStackLogging: can't turn off malloc stack logging because it was not enabled.
Python(66745) MallocStackLogging: can't turn off malloc stack logging because it was not enabled.
Python(66773) MallocStackLogging: can't turn off malloc stack logging because it was not enabled.
Python(66801) MallocStackLogging: can't turn off malloc stack logging because it was not enabled.
Python(66830) MallocStackLogging: can't turn off malloc stack logging because it was not enabled.
Python(66858) MallocStackLogging: can't turn off malloc stack logging because it was not enabled.
Python(66886) MallocStackLogging: can't turn off malloc stack logging because it was not enabled.
Python(66914) MallocStackLogging: can't turn off malloc stack logging because it was not enabled.
Python(66950) MallocStackLogging: can't turn off malloc stack logging because it was not enabled.
Python(66978) MallocStackLogging: can't turn off malloc stack logging because it was not enabled.
Python(67007) MallocStackLogging: can't turn off malloc stack logging because it was not enabled.
Python(67037) MallocStackLogging: can't turn off malloc stack logging because it was not enabled.
Python(67065) MallocStackLogging: can't turn off malloc stack logging because it was not enabled.
Python(67095) MallocStackLogging: can't turn off malloc stack logging because it was not enabled.
Python(67123) MallocStackLogging: can't turn off malloc stack logging because it was not enabled.
Python(67152) MallocStackLogging: can't turn off malloc stack logging because it was not enabled.
Python(67180) MallocStackLogging: can't turn off malloc stack logging because it was not enabled.
Python(67209) MallocStackLogging: can't turn off malloc stack logging because it was not enabled.
Python(67237) MallocStackLogging: can't turn off malloc stack logging because it was not enabled.
Python(67265) MallocStackLogging: can't turn off malloc stack logging because it was not enabled.
Python(67296) MallocStackLogging: can't turn off malloc stack logging because it was not enabled.
Python(67332) MallocStackLogging: can't turn off malloc stack logging because it was not enabled.
Python(67377) MallocStackLogging: can't turn off malloc stack logging because it was not enabled.
Python(67406) MallocStackLogging: can't turn off malloc stack logging because it was not enabled.
Python(67434) MallocStackLogging: can't turn off malloc stack logging because it was not enabled.
Python(67463) MallocStackLogging: can't turn off malloc stack logging because it was not enabled.
Python(67493) MallocStackLogging: can't turn off malloc stack logging because it was not enabled.
Python(67521) MallocStackLogging: can't turn off malloc stack logging because it was not enabled.
Python(67550) MallocStackLogging: can't turn off malloc stack logging because it was not enabled.
Python(67578) MallocStackLogging: can't turn off malloc stack logging because it was not enabled.
Python(67606) MallocStackLogging: can't turn off malloc stack logging because it was not enabled.
Python(67636) MallocStackLogging: can't turn off malloc stack logging because it was not enabled.
Python(67667) MallocStackLogging: can't turn off malloc stack logging because it was not enabled.
Python(67695) MallocStackLogging: can't turn off malloc stack logging because it was not enabled.
     0     13.0   96.7%     96.7%   +0.0    97%     244    17.7h
Python(67723) MallocStackLogging: can't turn off malloc stack logging because it was not enabled.
Python(67753) MallocStackLogging: can't turn off malloc stack logging because it was not enabled.
Python(67781) MallocStackLogging: can't turn off malloc stack logging because it was not enabled.
Python(67809) MallocStackLogging: can't turn off malloc stack logging because it was not enabled.
Python(67840) MallocStackLogging: can't turn off malloc stack logging because it was not enabled.
Python(67894) MallocStackLogging: can't turn off malloc stack logging because it was not enabled.
Python(67922) MallocStackLogging: can't turn off malloc stack logging because it was not enabled.
Python(67950) MallocStackLogging: can't turn off malloc stack logging because it was not enabled.
Python(67978) MallocStackLogging: can't turn off malloc stack logging because it was not enabled.
Python(68008) MallocStackLogging: can't turn off malloc stack logging because it was not enabled.
Python(68037) MallocStackLogging: can't turn off malloc stack logging because it was not enabled.
Python(68179) MallocStackLogging: can't turn off malloc stack logging because it was not enabled.
Python(68212) MallocStackLogging: can't turn off malloc stack logging because it was not enabled.
Python(68277) MallocStackLogging: can't turn off malloc stack logging because it was not enabled.
Python(68307) MallocStackLogging: can't turn off malloc stack logging because it was not enabled.
Python(68335) MallocStackLogging: can't turn off malloc stack logging because it was not enabled.
Python(68364) MallocStackLogging: can't turn off malloc stack logging because it was not enabled.
Python(68392) MallocStackLogging: can't turn off malloc stack logging because it was not enabled.
Python(71933) MallocStackLogging: can't turn off malloc stack logging because it was not enabled.
Python(72002) MallocStackLogging: can't turn off malloc stack logging because it was not enabled.
Python(72030) MallocStackLogging: can't turn off malloc stack logging because it was not enabled.
Python(72060) MallocStackLogging: can't turn off malloc stack logging because it was not enabled.
Python(72156) MallocStackLogging: can't turn off malloc stack logging because it was not enabled.
Python(72184) MallocStackLogging: can't turn off malloc stack logging because it was not enabled.
Python(72213) MallocStackLogging: can't turn off malloc stack logging because it was not enabled.
Python(72242) MallocStackLogging: can't turn off malloc stack logging because it was not enabled.
Python(72271) MallocStackLogging: can't turn off malloc stack logging because it was not enabled.
Python(72299) MallocStackLogging: can't turn off malloc stack logging because it was not enabled.
Python(72337) MallocStackLogging: can't turn off malloc stack logging because it was not enabled.
Python(72365) MallocStackLogging: can't turn off malloc stack logging because it was not enabled.
Python(72393) MallocStackLogging: can't turn off malloc stack logging because it was not enabled.
Python(74649) MallocStackLogging: can't turn off malloc stack logging because it was not enabled.
Python(74721) MallocStackLogging: can't turn off malloc stack logging because it was not enabled.
Python(74757) MallocStackLogging: can't turn off malloc stack logging because it was not enabled.
Python(74785) MallocStackLogging: can't turn off malloc stack logging because it was not enabled.
Python(74821) MallocStackLogging: can't turn off malloc stack logging because it was not enabled.
Python(74850) MallocStackLogging: can't turn off malloc stack logging because it was not enabled.
Python(74879) MallocStackLogging: can't turn off malloc stack logging because it was not enabled.
Python(74910) MallocStackLogging: can't turn off malloc stack logging because it was not enabled.
Python(74939) MallocStackLogging: can't turn off malloc stack logging because it was not enabled.
     0     14.8   95.8%     95.8%   +0.0    96%     244    18.0h
Python(74970) MallocStackLogging: can't turn off malloc stack logging because it was not enabled.
Python(75009) MallocStackLogging: can't turn off malloc stack logging because it was not enabled.
Python(75039) MallocStackLogging: can't turn off malloc stack logging because it was not enabled.
Python(75068) MallocStackLogging: can't turn off malloc stack logging because it was not enabled.
Python(75097) MallocStackLogging: can't turn off malloc stack logging because it was not enabled.
Python(75125) MallocStackLogging: can't turn off malloc stack logging because it was not enabled.
Python(75304) MallocStackLogging: can't turn off malloc stack logging because it was not enabled.
Python(75356) MallocStackLogging: can't turn off malloc stack logging because it was not enabled.
Python(75402) MallocStackLogging: can't turn off malloc stack logging because it was not enabled.
Python(75470) MallocStackLogging: can't turn off malloc stack logging because it was not enabled.
Python(75507) MallocStackLogging: can't turn off malloc stack logging because it was not enabled.
Python(75746) MallocStackLogging: can't turn off malloc stack logging because it was not enabled.
Python(75787) MallocStackLogging: can't turn off malloc stack logging because it was not enabled.
Python(75817) MallocStackLogging: can't turn off malloc stack logging because it was not enabled.
Python(75845) MallocStackLogging: can't turn off malloc stack logging because it was not enabled.
Python(75873) MallocStackLogging: can't turn off malloc stack logging because it was not enabled.
Python(76042) MallocStackLogging: can't turn off malloc stack logging because it was not enabled.
Python(76071) MallocStackLogging: can't turn off malloc stack logging because it was not enabled.
Python(76099) MallocStackLogging: can't turn off malloc stack logging because it was not enabled.
Python(76128) MallocStackLogging: can't turn off malloc stack logging because it was not enabled.
Python(76158) MallocStackLogging: can't turn off malloc stack logging because it was not enabled.
Python(76187) MallocStackLogging: can't turn off malloc stack logging because it was not enabled.
Python(76215) MallocStackLogging: can't turn off malloc stack logging because it was not enabled.
Python(76246) MallocStackLogging: can't turn off malloc stack logging because it was not enabled.
Python(76274) MallocStackLogging: can't turn off malloc stack logging because it was not enabled.
Python(76339) MallocStackLogging: can't turn off malloc stack logging because it was not enabled.
Python(76367) MallocStackLogging: can't turn off malloc stack logging because it was not enabled.
Python(76471) MallocStackLogging: can't turn off malloc stack logging because it was not enabled.
Python(76500) MallocStackLogging: can't turn off malloc stack logging because it was not enabled.
Python(76531) MallocStackLogging: can't turn off malloc stack logging because it was not enabled.
Python(76560) MallocStackLogging: can't turn off malloc stack logging because it was not enabled.
Python(76588) MallocStackLogging: can't turn off malloc stack logging because it was not enabled.
Python(76618) MallocStackLogging: can't turn off malloc stack logging because it was not enabled.
Python(76648) MallocStackLogging: can't turn off malloc stack logging because it was not enabled.
Python(76714) MallocStackLogging: can't turn off malloc stack logging because it was not enabled.
Python(76742) MallocStackLogging: can't turn off malloc stack logging because it was not enabled.
Python(76772) MallocStackLogging: can't turn off malloc stack logging because it was not enabled.
Python(76805) MallocStackLogging: can't turn off malloc stack logging because it was not enabled.
Python(76838) MallocStackLogging: can't turn off malloc stack logging because it was not enabled.
Python(76866) MallocStackLogging: can't turn off malloc stack logging because it was not enabled.
     0     16.5   94.2%     94.2%   +0.0    94%     244    18.4h
Python(76900) MallocStackLogging: can't turn off malloc stack logging because it was not enabled.
Python(77186) MallocStackLogging: can't turn off malloc stack logging because it was not enabled.
Python(77217) MallocStackLogging: can't turn off malloc stack logging because it was not enabled.
Python(77245) MallocStackLogging: can't turn off malloc stack logging because it was not enabled.
Python(77276) MallocStackLogging: can't turn off malloc stack logging because it was not enabled.
Python(77308) MallocStackLogging: can't turn off malloc stack logging because it was not enabled.
Python(77337) MallocStackLogging: can't turn off malloc stack logging because it was not enabled.
Python(77365) MallocStackLogging: can't turn off malloc stack logging because it was not enabled.
Python(77395) MallocStackLogging: can't turn off malloc stack logging because it was not enabled.
Python(77461) MallocStackLogging: can't turn off malloc stack logging because it was not enabled.
Python(77492) MallocStackLogging: can't turn off malloc stack logging because it was not enabled.
Python(77520) MallocStackLogging: can't turn off malloc stack logging because it was not enabled.
Python(77550) MallocStackLogging: can't turn off malloc stack logging because it was not enabled.
Python(77578) MallocStackLogging: can't turn off malloc stack logging because it was not enabled.
Python(77610) MallocStackLogging: can't turn off malloc stack logging because it was not enabled.
Python(77638) MallocStackLogging: can't turn off malloc stack logging because it was not enabled.
Python(77672) MallocStackLogging: can't turn off malloc stack logging because it was not enabled.
Python(77701) MallocStackLogging: can't turn off malloc stack logging because it was not enabled.
Python(77731) MallocStackLogging: can't turn off malloc stack logging because it was not enabled.
Python(77965) MallocStackLogging: can't turn off malloc stack logging because it was not enabled.
Python(78089) MallocStackLogging: can't turn off malloc stack logging because it was not enabled.
Python(78120) MallocStackLogging: can't turn off malloc stack logging because it was not enabled.
Python(78148) MallocStackLogging: can't turn off malloc stack logging because it was not enabled.
Python(78181) MallocStackLogging: can't turn off malloc stack logging because it was not enabled.
Python(78213) MallocStackLogging: can't turn off malloc stack logging because it was not enabled.
Python(78247) MallocStackLogging: can't turn off malloc stack logging because it was not enabled.
Python(78275) MallocStackLogging: can't turn off malloc stack logging because it was not enabled.
Python(78303) MallocStackLogging: can't turn off malloc stack logging because it was not enabled.
Python(78333) MallocStackLogging: can't turn off malloc stack logging because it was not enabled.
Python(78361) MallocStackLogging: can't turn off malloc stack logging because it was not enabled.
Python(78401) MallocStackLogging: can't turn off malloc stack logging because it was not enabled.
Python(78430) MallocStackLogging: can't turn off malloc stack logging because it was not enabled.
     0     18.4   96.7%     96.7%   +0.0    97%     244    18.7h
Python(78459) MallocStackLogging: can't turn off malloc stack logging because it was not enabled.
Python(78487) MallocStackLogging: can't turn off malloc stack logging because it was not enabled.
Python(78516) MallocStackLogging: can't turn off malloc stack logging because it was not enabled.
Python(78545) MallocStackLogging: can't turn off malloc stack logging because it was not enabled.
Python(78595) MallocStackLogging: can't turn off malloc stack logging because it was not enabled.
Python(78623) MallocStackLogging: can't turn off malloc stack logging because it was not enabled.
Python(78654) MallocStackLogging: can't turn off malloc stack logging because it was not enabled.
Python(78682) MallocStackLogging: can't turn off malloc stack logging because it was not enabled.
Python(78862) MallocStackLogging: can't turn off malloc stack logging because it was not enabled.
Python(78891) MallocStackLogging: can't turn off malloc stack logging because it was not enabled.
Python(78923) MallocStackLogging: can't turn off malloc stack logging because it was not enabled.
Python(78951) MallocStackLogging: can't turn off malloc stack logging because it was not enabled.
Python(78992) MallocStackLogging: can't turn off malloc stack logging because it was not enabled.
Python(79054) MallocStackLogging: can't turn off malloc stack logging because it was not enabled.
Python(79085) MallocStackLogging: can't turn off malloc stack logging because it was not enabled.
Python(79113) MallocStackLogging: can't turn off malloc stack logging because it was not enabled.
Python(79141) MallocStackLogging: can't turn off malloc stack logging because it was not enabled.
Python(79173) MallocStackLogging: can't turn off malloc stack logging because it was not enabled.
Python(79202) MallocStackLogging: can't turn off malloc stack logging because it was not enabled.
Python(79230) MallocStackLogging: can't turn off malloc stack logging because it was not enabled.
Python(79258) MallocStackLogging: can't turn off malloc stack logging because it was not enabled.
Python(79286) MallocStackLogging: can't turn off malloc stack logging because it was not enabled.
Python(79315) MallocStackLogging: can't turn off malloc stack logging because it was not enabled.
Python(79344) MallocStackLogging: can't turn off malloc stack logging because it was not enabled.
Python(79372) MallocStackLogging: can't turn off malloc stack logging because it was not enabled.
Python(79401) MallocStackLogging: can't turn off malloc stack logging because it was not enabled.
Python(79430) MallocStackLogging: can't turn off malloc stack logging because it was not enabled.
Python(79458) MallocStackLogging: can't turn off malloc stack logging because it was not enabled.
Python(79488) MallocStackLogging: can't turn off malloc stack logging because it was not enabled.
Python(79516) MallocStackLogging: can't turn off malloc stack logging because it was not enabled.
Python(79546) MallocStackLogging: can't turn off malloc stack logging because it was not enabled.
Python(79574) MallocStackLogging: can't turn off malloc stack logging because it was not enabled.
Python(79605) MallocStackLogging: can't turn off malloc stack logging because it was not enabled.
Python(79633) MallocStackLogging: can't turn off malloc stack logging because it was not enabled.
Python(79664) MallocStackLogging: can't turn off malloc stack logging because it was not enabled.
Python(79738) MallocStackLogging: can't turn off malloc stack logging because it was not enabled.
Python(79769) MallocStackLogging: can't turn off malloc stack logging because it was not enabled.
Python(79797) MallocStackLogging: can't turn off malloc stack logging because it was not enabled.
Python(79825) MallocStackLogging: can't turn off malloc stack logging because it was not enabled.
Python(79854) MallocStackLogging: can't turn off malloc stack logging because it was not enabled.
Python(79883) MallocStackLogging: can't turn off malloc stack logging because it was not enabled.
Python(80091) MallocStackLogging: can't turn off malloc stack logging because it was not enabled.
Python(80122) MallocStackLogging: can't turn off malloc stack logging because it was not enabled.
Python(80156) MallocStackLogging: can't turn off malloc stack logging because it was not enabled.
Python(80184) MallocStackLogging: can't turn off malloc stack logging because it was not enabled.
Python(80212) MallocStackLogging: can't turn off malloc stack logging because it was not enabled.
Python(80242) MallocStackLogging: can't turn off malloc stack logging because it was not enabled.
Python(80270) MallocStackLogging: can't turn off malloc stack logging because it was not enabled.
     0     19.2   90.8%     90.8%   +0.0    91%     244    19.2h
Python(80300) MallocStackLogging: can't turn off malloc stack logging because it was not enabled.
Python(80328) MallocStackLogging: can't turn off malloc stack logging because it was not enabled.
Python(80358) MallocStackLogging: can't turn off malloc stack logging because it was not enabled.
Python(80386) MallocStackLogging: can't turn off malloc stack logging because it was not enabled.
Python(80418) MallocStackLogging: can't turn off malloc stack logging because it was not enabled.
Python(80449) MallocStackLogging: can't turn off malloc stack logging because it was not enabled.
Python(80479) MallocStackLogging: can't turn off malloc stack logging because it was not enabled.
Python(80507) MallocStackLogging: can't turn off malloc stack logging because it was not enabled.
Python(80537) MallocStackLogging: can't turn off malloc stack logging because it was not enabled.
Python(80566) MallocStackLogging: can't turn off malloc stack logging because it was not enabled.
Python(80594) MallocStackLogging: can't turn off malloc stack logging because it was not enabled.
Python(80623) MallocStackLogging: can't turn off malloc stack logging because it was not enabled.
Python(80652) MallocStackLogging: can't turn off malloc stack logging because it was not enabled.
Python(80681) MallocStackLogging: can't turn off malloc stack logging because it was not enabled.
Python(80709) MallocStackLogging: can't turn off malloc stack logging because it was not enabled.
Python(80739) MallocStackLogging: can't turn off malloc stack logging because it was not enabled.
Python(80769) MallocStackLogging: can't turn off malloc stack logging because it was not enabled.
Python(80798) MallocStackLogging: can't turn off malloc stack logging because it was not enabled.
Python(80827) MallocStackLogging: can't turn off malloc stack logging because it was not enabled.
Python(80856) MallocStackLogging: can't turn off malloc stack logging because it was not enabled.
Python(80884) MallocStackLogging: can't turn off malloc stack logging because it was not enabled.
Python(80912) MallocStackLogging: can't turn off malloc stack logging because it was not enabled.
Python(80940) MallocStackLogging: can't turn off malloc stack logging because it was not enabled.
Python(81005) MallocStackLogging: can't turn off malloc stack logging because it was not enabled.
Python(81039) MallocStackLogging: can't turn off malloc stack logging because it was not enabled.
Python(81068) MallocStackLogging: can't turn off malloc stack logging because it was not enabled.
Python(81097) MallocStackLogging: can't turn off malloc stack logging because it was not enabled.
Python(81126) MallocStackLogging: can't turn off malloc stack logging because it was not enabled.
Python(81155) MallocStackLogging: can't turn off malloc stack logging because it was not enabled.
Python(81183) MallocStackLogging: can't turn off malloc stack logging because it was not enabled.
Python(81213) MallocStackLogging: can't turn off malloc stack logging because it was not enabled.
Python(81241) MallocStackLogging: can't turn off malloc stack logging because it was not enabled.
Python(81272) MallocStackLogging: can't turn off malloc stack logging because it was not enabled.
Python(81300) MallocStackLogging: can't turn off malloc stack logging because it was not enabled.
Python(81329) MallocStackLogging: can't turn off malloc stack logging because it was not enabled.
Python(81357) MallocStackLogging: can't turn off malloc stack logging because it was not enabled.
Python(83996) MallocStackLogging: can't turn off malloc stack logging because it was not enabled.
Python(85066) MallocStackLogging: can't turn off malloc stack logging because it was not enabled.
Python(85095) MallocStackLogging: can't turn off malloc stack logging because it was not enabled.
Python(85123) MallocStackLogging: can't turn off malloc stack logging because it was not enabled.
     0     21.2   92.5%     92.5%   +0.0    92%     244    19.6h
Python(85152) MallocStackLogging: can't turn off malloc stack logging because it was not enabled.
Python(85182) MallocStackLogging: can't turn off malloc stack logging because it was not enabled.
Python(85217) MallocStackLogging: can't turn off malloc stack logging because it was not enabled.
Python(85245) MallocStackLogging: can't turn off malloc stack logging because it was not enabled.
Python(85275) MallocStackLogging: can't turn off malloc stack logging because it was not enabled.
Python(85306) MallocStackLogging: can't turn off malloc stack logging because it was not enabled.
Python(85334) MallocStackLogging: can't turn off malloc stack logging because it was not enabled.
Python(85364) MallocStackLogging: can't turn off malloc stack logging because it was not enabled.
Python(85395) MallocStackLogging: can't turn off malloc stack logging because it was not enabled.
Python(85426) MallocStackLogging: can't turn off malloc stack logging because it was not enabled.
Python(85454) MallocStackLogging: can't turn off malloc stack logging because it was not enabled.
Python(85486) MallocStackLogging: can't turn off malloc stack logging because it was not enabled.
Python(85520) MallocStackLogging: can't turn off malloc stack logging because it was not enabled.
Python(85552) MallocStackLogging: can't turn off malloc stack logging because it was not enabled.
Python(85580) MallocStackLogging: can't turn off malloc stack logging because it was not enabled.
Python(85622) MallocStackLogging: can't turn off malloc stack logging because it was not enabled.
Python(85650) MallocStackLogging: can't turn off malloc stack logging because it was not enabled.
Python(85680) MallocStackLogging: can't turn off malloc stack logging because it was not enabled.
Python(85708) MallocStackLogging: can't turn off malloc stack logging because it was not enabled.
Python(85754) MallocStackLogging: can't turn off malloc stack logging because it was not enabled.
Python(85817) MallocStackLogging: can't turn off malloc stack logging because it was not enabled.
Python(85850) MallocStackLogging: can't turn off malloc stack logging because it was not enabled.
Python(85878) MallocStackLogging: can't turn off malloc stack logging because it was not enabled.
Python(85907) MallocStackLogging: can't turn off malloc stack logging because it was not enabled.
Python(85935) MallocStackLogging: can't turn off malloc stack logging because it was not enabled.
Python(85963) MallocStackLogging: can't turn off malloc stack logging because it was not enabled.
Python(85992) MallocStackLogging: can't turn off malloc stack logging because it was not enabled.
Python(86023) MallocStackLogging: can't turn off malloc stack logging because it was not enabled.
Python(86051) MallocStackLogging: can't turn off malloc stack logging because it was not enabled.
Python(86081) MallocStackLogging: can't turn off malloc stack logging because it was not enabled.
Python(86109) MallocStackLogging: can't turn off malloc stack logging because it was not enabled.
Python(86139) MallocStackLogging: can't turn off malloc stack logging because it was not enabled.
Python(86167) MallocStackLogging: can't turn off malloc stack logging because it was not enabled.
Python(86200) MallocStackLogging: can't turn off malloc stack logging because it was not enabled.
Python(86228) MallocStackLogging: can't turn off malloc stack logging because it was not enabled.
Python(86256) MallocStackLogging: can't turn off malloc stack logging because it was not enabled.
Python(86286) MallocStackLogging: can't turn off malloc stack logging because it was not enabled.
Python(86314) MallocStackLogging: can't turn off malloc stack logging because it was not enabled.
Python(86342) MallocStackLogging: can't turn off malloc stack logging because it was not enabled.
Python(86370) MallocStackLogging: can't turn off malloc stack logging because it was not enabled.
     0     22.3   88.3%     88.3%   +0.0    88%     244    19.9h
Python(86399) MallocStackLogging: can't turn off malloc stack logging because it was not enabled.
Python(86430) MallocStackLogging: can't turn off malloc stack logging because it was not enabled.
Python(86460) MallocStackLogging: can't turn off malloc stack logging because it was not enabled.
Python(86489) MallocStackLogging: can't turn off malloc stack logging because it was not enabled.
Python(86517) MallocStackLogging: can't turn off malloc stack logging because it was not enabled.
Python(86546) MallocStackLogging: can't turn off malloc stack logging because it was not enabled.
Python(86574) MallocStackLogging: can't turn off malloc stack logging because it was not enabled.
Python(86603) MallocStackLogging: can't turn off malloc stack logging because it was not enabled.
Python(86631) MallocStackLogging: can't turn off malloc stack logging because it was not enabled.
Python(86659) MallocStackLogging: can't turn off malloc stack logging because it was not enabled.
Python(86688) MallocStackLogging: can't turn off malloc stack logging because it was not enabled.
Python(86721) MallocStackLogging: can't turn off malloc stack logging because it was not enabled.
Python(86752) MallocStackLogging: can't turn off malloc stack logging because it was not enabled.
Python(86781) MallocStackLogging: can't turn off malloc stack logging because it was not enabled.
Python(86809) MallocStackLogging: can't turn off malloc stack logging because it was not enabled.
Python(86837) MallocStackLogging: can't turn off malloc stack logging because it was not enabled.
Python(87096) MallocStackLogging: can't turn off malloc stack logging because it was not enabled.
Python(87125) MallocStackLogging: can't turn off malloc stack logging because it was not enabled.
Python(87153) MallocStackLogging: can't turn off malloc stack logging because it was not enabled.
Python(87186) MallocStackLogging: can't turn off malloc stack logging because it was not enabled.
Python(87217) MallocStackLogging: can't turn off malloc stack logging because it was not enabled.
Python(87248) MallocStackLogging: can't turn off malloc stack logging because it was not enabled.
Python(87276) MallocStackLogging: can't turn off malloc stack logging because it was not enabled.
Python(87304) MallocStackLogging: can't turn off malloc stack logging because it was not enabled.
Python(87333) MallocStackLogging: can't turn off malloc stack logging because it was not enabled.
Python(87361) MallocStackLogging: can't turn off malloc stack logging because it was not enabled.
Python(87391) MallocStackLogging: can't turn off malloc stack logging because it was not enabled.
Python(87422) MallocStackLogging: can't turn off malloc stack logging because it was not enabled.
Python(87457) MallocStackLogging: can't turn off malloc stack logging because it was not enabled.
Python(87488) MallocStackLogging: can't turn off malloc stack logging because it was not enabled.
Python(87541) MallocStackLogging: can't turn off malloc stack logging because it was not enabled.
Python(87575) MallocStackLogging: can't turn off malloc stack logging because it was not enabled.
Python(87605) MallocStackLogging: can't turn off malloc stack logging because it was not enabled.
Python(87633) MallocStackLogging: can't turn off malloc stack logging because it was not enabled.
Python(87661) MallocStackLogging: can't turn off malloc stack logging because it was not enabled.
Python(87690) MallocStackLogging: can't turn off malloc stack logging because it was not enabled.
Python(87725) MallocStackLogging: can't turn off malloc stack logging because it was not enabled.
Python(87756) MallocStackLogging: can't turn off malloc stack logging because it was not enabled.
Python(87785) MallocStackLogging: can't turn off malloc stack logging because it was not enabled.
Python(87820) MallocStackLogging: can't turn off malloc stack logging because it was not enabled.
     0     22.6   85.8%     85.8%   +0.0    86%     244    20.2h
Python(87849) MallocStackLogging: can't turn off malloc stack logging because it was not enabled.
Python(87877) MallocStackLogging: can't turn off malloc stack logging because it was not enabled.
Python(87911) MallocStackLogging: can't turn off malloc stack logging because it was not enabled.
Python(87939) MallocStackLogging: can't turn off malloc stack logging because it was not enabled.
Python(87967) MallocStackLogging: can't turn off malloc stack logging because it was not enabled.
Python(87996) MallocStackLogging: can't turn off malloc stack logging because it was not enabled.
Python(88024) MallocStackLogging: can't turn off malloc stack logging because it was not enabled.
Python(88053) MallocStackLogging: can't turn off malloc stack logging because it was not enabled.
Python(88083) MallocStackLogging: can't turn off malloc stack logging because it was not enabled.
Python(88162) MallocStackLogging: can't turn off malloc stack logging because it was not enabled.
Python(88212) MallocStackLogging: can't turn off malloc stack logging because it was not enabled.
Python(88240) MallocStackLogging: can't turn off malloc stack logging because it was not enabled.
Python(88268) MallocStackLogging: can't turn off malloc stack logging because it was not enabled.
Python(88304) MallocStackLogging: can't turn off malloc stack logging because it was not enabled.
Python(88334) MallocStackLogging: can't turn off malloc stack logging because it was not enabled.
Python(88362) MallocStackLogging: can't turn off malloc stack logging because it was not enabled.
Python(88393) MallocStackLogging: can't turn off malloc stack logging because it was not enabled.
Python(88430) MallocStackLogging: can't turn off malloc stack logging because it was not enabled.
Python(88458) MallocStackLogging: can't turn off malloc stack logging because it was not enabled.
Python(88488) MallocStackLogging: can't turn off malloc stack logging because it was not enabled.
Python(88516) MallocStackLogging: can't turn off malloc stack logging because it was not enabled.
Python(88545) MallocStackLogging: can't turn off malloc stack logging because it was not enabled.
Python(88573) MallocStackLogging: can't turn off malloc stack logging because it was not enabled.
Python(88609) MallocStackLogging: can't turn off malloc stack logging because it was not enabled.
Python(88639) MallocStackLogging: can't turn off malloc stack logging because it was not enabled.
Python(88668) MallocStackLogging: can't turn off malloc stack logging because it was not enabled.
Python(88699) MallocStackLogging: can't turn off malloc stack logging because it was not enabled.
Python(88727) MallocStackLogging: can't turn off malloc stack logging because it was not enabled.
Python(88757) MallocStackLogging: can't turn off malloc stack logging because it was not enabled.
Python(88785) MallocStackLogging: can't turn off malloc stack logging because it was not enabled.
Python(88814) MallocStackLogging: can't turn off malloc stack logging because it was not enabled.
Python(88842) MallocStackLogging: can't turn off malloc stack logging because it was not enabled.
Python(88871) MallocStackLogging: can't turn off malloc stack logging because it was not enabled.
Python(88899) MallocStackLogging: can't turn off malloc stack logging because it was not enabled.
Python(88928) MallocStackLogging: can't turn off malloc stack logging because it was not enabled.
Python(88957) MallocStackLogging: can't turn off malloc stack logging because it was not enabled.
Python(88985) MallocStackLogging: can't turn off malloc stack logging because it was not enabled.
Python(89014) MallocStackLogging: can't turn off malloc stack logging because it was not enabled.
Python(89042) MallocStackLogging: can't turn off malloc stack logging because it was not enabled.
Python(89072) MallocStackLogging: can't turn off malloc stack logging because it was not enabled.
     0     23.0   76.7%     76.7%   +0.0    77%     244    20.6h
Python(89100) MallocStackLogging: can't turn off malloc stack logging because it was not enabled.
Python(89128) MallocStackLogging: can't turn off malloc stack logging because it was not enabled.
Python(89156) MallocStackLogging: can't turn off malloc stack logging because it was not enabled.
Python(89185) MallocStackLogging: can't turn off malloc stack logging because it was not enabled.
Python(89213) MallocStackLogging: can't turn off malloc stack logging because it was not enabled.
Python(89243) MallocStackLogging: can't turn off malloc stack logging because it was not enabled.
Python(89271) MallocStackLogging: can't turn off malloc stack logging because it was not enabled.
Python(89299) MallocStackLogging: can't turn off malloc stack logging because it was not enabled.
Python(89327) MallocStackLogging: can't turn off malloc stack logging because it was not enabled.
Python(89356) MallocStackLogging: can't turn off malloc stack logging because it was not enabled.
Python(89384) MallocStackLogging: can't turn off malloc stack logging because it was not enabled.
Python(89413) MallocStackLogging: can't turn off malloc stack logging because it was not enabled.
Python(89441) MallocStackLogging: can't turn off malloc stack logging because it was not enabled.
Python(89471) MallocStackLogging: can't turn off malloc stack logging because it was not enabled.
Python(89503) MallocStackLogging: can't turn off malloc stack logging because it was not enabled.
Python(89532) MallocStackLogging: can't turn off malloc stack logging because it was not enabled.
Python(89568) MallocStackLogging: can't turn off malloc stack logging because it was not enabled.
Python(89596) MallocStackLogging: can't turn off malloc stack logging because it was not enabled.
Python(89624) MallocStackLogging: can't turn off malloc stack logging because it was not enabled.
Python(89666) MallocStackLogging: can't turn off malloc stack logging because it was not enabled.
Python(89694) MallocStackLogging: can't turn off malloc stack logging because it was not enabled.
Python(89723) MallocStackLogging: can't turn off malloc stack logging because it was not enabled.
Python(89752) MallocStackLogging: can't turn off malloc stack logging because it was not enabled.
Python(89780) MallocStackLogging: can't turn off malloc stack logging because it was not enabled.
Python(89809) MallocStackLogging: can't turn off malloc stack logging because it was not enabled.
Python(89837) MallocStackLogging: can't turn off malloc stack logging because it was not enabled.
Python(89866) MallocStackLogging: can't turn off malloc stack logging because it was not enabled.
Python(89894) MallocStackLogging: can't turn off malloc stack logging because it was not enabled.
Python(89923) MallocStackLogging: can't turn off malloc stack logging because it was not enabled.
Python(89952) MallocStackLogging: can't turn off malloc stack logging because it was not enabled.
Python(89982) MallocStackLogging: can't turn off malloc stack logging because it was not enabled.
Python(90012) MallocStackLogging: can't turn off malloc stack logging because it was not enabled.
Python(90042) MallocStackLogging: can't turn off malloc stack logging because it was not enabled.
Python(90070) MallocStackLogging: can't turn off malloc stack logging because it was not enabled.
Python(90101) MallocStackLogging: can't turn off malloc stack logging because it was not enabled.
Python(90129) MallocStackLogging: can't turn off malloc stack logging because it was not enabled.
Python(90157) MallocStackLogging: can't turn off malloc stack logging because it was not enabled.
Python(90185) MallocStackLogging: can't turn off malloc stack logging because it was not enabled.
Python(90214) MallocStackLogging: can't turn off malloc stack logging because it was not enabled.
Python(90261) MallocStackLogging: can't turn off malloc stack logging because it was not enabled.
     0     16.0   56.7%     51.7%   +5.0    48%     253    20.9h
Python(90289) MallocStackLogging: can't turn off malloc stack logging because it was not enabled.
Python(90318) MallocStackLogging: can't turn off malloc stack logging because it was not enabled.
Python(90346) MallocStackLogging: can't turn off malloc stack logging because it was not enabled.
Python(90376) MallocStackLogging: can't turn off malloc stack logging because it was not enabled.
Python(90405) MallocStackLogging: can't turn off malloc stack logging because it was not enabled.
Python(90438) MallocStackLogging: can't turn off malloc stack logging because it was not enabled.
Python(90466) MallocStackLogging: can't turn off malloc stack logging because it was not enabled.
Python(90499) MallocStackLogging: can't turn off malloc stack logging because it was not enabled.
Python(90527) MallocStackLogging: can't turn off malloc stack logging because it was not enabled.
Python(90559) MallocStackLogging: can't turn off malloc stack logging because it was not enabled.
Python(90587) MallocStackLogging: can't turn off malloc stack logging because it was not enabled.
Python(90618) MallocStackLogging: can't turn off malloc stack logging because it was not enabled.
Python(90646) MallocStackLogging: can't turn off malloc stack logging because it was not enabled.
Python(90675) MallocStackLogging: can't turn off malloc stack logging because it was not enabled.
Python(90703) MallocStackLogging: can't turn off malloc stack logging because it was not enabled.
Python(90734) MallocStackLogging: can't turn off malloc stack logging because it was not enabled.
Python(90762) MallocStackLogging: can't turn off malloc stack logging because it was not enabled.
Python(90792) MallocStackLogging: can't turn off malloc stack logging because it was not enabled.
Python(90820) MallocStackLogging: can't turn off malloc stack logging because it was not enabled.
Python(90850) MallocStackLogging: can't turn off malloc stack logging because it was not enabled.
Python(90878) MallocStackLogging: can't turn off malloc stack logging because it was not enabled.
Python(90908) MallocStackLogging: can't turn off malloc stack logging because it was not enabled.
Python(90936) MallocStackLogging: can't turn off malloc stack logging because it was not enabled.
Python(90966) MallocStackLogging: can't turn off malloc stack logging because it was not enabled.
Python(90994) MallocStackLogging: can't turn off malloc stack logging because it was not enabled.
Python(91022) MallocStackLogging: can't turn off malloc stack logging because it was not enabled.
Python(91051) MallocStackLogging: can't turn off malloc stack logging because it was not enabled.
Python(91082) MallocStackLogging: can't turn off malloc stack logging because it was not enabled.
Python(91110) MallocStackLogging: can't turn off malloc stack logging because it was not enabled.
Python(91139) MallocStackLogging: can't turn off malloc stack logging because it was not enabled.
Python(91167) MallocStackLogging: can't turn off malloc stack logging because it was not enabled.
Python(91197) MallocStackLogging: can't turn off malloc stack logging because it was not enabled.
Python(91225) MallocStackLogging: can't turn off malloc stack logging because it was not enabled.
Python(91256) MallocStackLogging: can't turn off malloc stack logging because it was not enabled.
Python(91284) MallocStackLogging: can't turn off malloc stack logging because it was not enabled.
Python(91314) MallocStackLogging: can't turn off malloc stack logging because it was not enabled.
Python(91342) MallocStackLogging: can't turn off malloc stack logging because it was not enabled.
Python(91378) MallocStackLogging: can't turn off malloc stack logging because it was not enabled.
Python(91407) MallocStackLogging: can't turn off malloc stack logging because it was not enabled.
Python(91437) MallocStackLogging: can't turn off malloc stack logging because it was not enabled.
     0      6.0   65.8%     75.8%  -10.0    24%     277    21.2h
Python(91465) MallocStackLogging: can't turn off malloc stack logging because it was not enabled.
Python(91496) MallocStackLogging: can't turn off malloc stack logging because it was not enabled.
Python(91524) MallocStackLogging: can't turn off malloc stack logging because it was not enabled.
Python(91554) MallocStackLogging: can't turn off malloc stack logging because it was not enabled.
Python(91582) MallocStackLogging: can't turn off malloc stack logging because it was not enabled.
Python(91613) MallocStackLogging: can't turn off malloc stack logging because it was not enabled.
Python(91643) MallocStackLogging: can't turn off malloc stack logging because it was not enabled.
Python(91672) MallocStackLogging: can't turn off malloc stack logging because it was not enabled.
Python(91702) MallocStackLogging: can't turn off malloc stack logging because it was not enabled.
Python(91730) MallocStackLogging: can't turn off malloc stack logging because it was not enabled.
Python(91762) MallocStackLogging: can't turn off malloc stack logging because it was not enabled.
Python(91790) MallocStackLogging: can't turn off malloc stack logging because it was not enabled.
Python(91820) MallocStackLogging: can't turn off malloc stack logging because it was not enabled.
Python(91856) MallocStackLogging: can't turn off malloc stack logging because it was not enabled.
Python(91884) MallocStackLogging: can't turn off malloc stack logging because it was not enabled.
Python(91912) MallocStackLogging: can't turn off malloc stack logging because it was not enabled.
Python(91940) MallocStackLogging: can't turn off malloc stack logging because it was not enabled.
Python(91968) MallocStackLogging: can't turn off malloc stack logging because it was not enabled.
Python(91996) MallocStackLogging: can't turn off malloc stack logging because it was not enabled.
Python(92024) MallocStackLogging: can't turn off malloc stack logging because it was not enabled.
Python(92052) MallocStackLogging: can't turn off malloc stack logging because it was not enabled.
Python(92080) MallocStackLogging: can't turn off malloc stack logging because it was not enabled.
Python(92108) MallocStackLogging: can't turn off malloc stack logging because it was not enabled.
Python(92139) MallocStackLogging: can't turn off malloc stack logging because it was not enabled.
Python(92168) MallocStackLogging: can't turn off malloc stack logging because it was not enabled.
Python(92196) MallocStackLogging: can't turn off malloc stack logging because it was not enabled.
Python(92224) MallocStackLogging: can't turn off malloc stack logging because it was not enabled.
Python(92252) MallocStackLogging: can't turn off malloc stack logging because it was not enabled.
Python(92280) MallocStackLogging: can't turn off malloc stack logging because it was not enabled.
Python(92308) MallocStackLogging: can't turn off malloc stack logging because it was not enabled.
Python(92336) MallocStackLogging: can't turn off malloc stack logging because it was not enabled.
Python(92364) MallocStackLogging: can't turn off malloc stack logging because it was not enabled.
Python(92393) MallocStackLogging: can't turn off malloc stack logging because it was not enabled.
Python(92421) MallocStackLogging: can't turn off malloc stack logging because it was not enabled.
Python(92449) MallocStackLogging: can't turn off malloc stack logging because it was not enabled.
Python(92477) MallocStackLogging: can't turn off malloc stack logging because it was not enabled.
Python(92505) MallocStackLogging: can't turn off malloc stack logging because it was not enabled.
Python(92534) MallocStackLogging: can't turn off malloc stack logging because it was not enabled.
Python(92562) MallocStackLogging: can't turn off malloc stack logging because it was not enabled.
Python(92590) MallocStackLogging: can't turn off malloc stack logging because it was not enabled.
     0      5.5   75.0%    100.0%  -25.0     0%     282    21.6h
Python(92619) MallocStackLogging: can't turn off malloc stack logging because it was not enabled.
Python(92647) MallocStackLogging: can't turn off malloc stack logging because it was not enabled.
Python(92675) MallocStackLogging: can't turn off malloc stack logging because it was not enabled.
Python(92703) MallocStackLogging: can't turn off malloc stack logging because it was not enabled.
Python(92731) MallocStackLogging: can't turn off malloc stack logging because it was not enabled.
Python(92759) MallocStackLogging: can't turn off malloc stack logging because it was not enabled.
Python(92787) MallocStackLogging: can't turn off malloc stack logging because it was not enabled.
Python(92816) MallocStackLogging: can't turn off malloc stack logging because it was not enabled.
Python(92844) MallocStackLogging: can't turn off malloc stack logging because it was not enabled.
Python(92872) MallocStackLogging: can't turn off malloc stack logging because it was not enabled.
Python(92901) MallocStackLogging: can't turn off malloc stack logging because it was not enabled.
Python(92929) MallocStackLogging: can't turn off malloc stack logging because it was not enabled.
Python(92957) MallocStackLogging: can't turn off malloc stack logging because it was not enabled.
Python(92985) MallocStackLogging: can't turn off malloc stack logging because it was not enabled.
Python(93013) MallocStackLogging: can't turn off malloc stack logging because it was not enabled.
Python(93041) MallocStackLogging: can't turn off malloc stack logging because it was not enabled.
Python(93079) MallocStackLogging: can't turn off malloc stack logging because it was not enabled.
Python(93107) MallocStackLogging: can't turn off malloc stack logging because it was not enabled.
Python(93135) MallocStackLogging: can't turn off malloc stack logging because it was not enabled.
Python(93163) MallocStackLogging: can't turn off malloc stack logging because it was not enabled.
Python(93191) MallocStackLogging: can't turn off malloc stack logging because it was not enabled.
Python(93222) MallocStackLogging: can't turn off malloc stack logging because it was not enabled.
Python(93250) MallocStackLogging: can't turn off malloc stack logging because it was not enabled.
Python(93279) MallocStackLogging: can't turn off malloc stack logging because it was not enabled.
Python(93307) MallocStackLogging: can't turn off malloc stack logging because it was not enabled.
Python(93335) MallocStackLogging: can't turn off malloc stack logging because it was not enabled.
Python(93363) MallocStackLogging: can't turn off malloc stack logging because it was not enabled.
Python(93392) MallocStackLogging: can't turn off malloc stack logging because it was not enabled.
Python(93420) MallocStackLogging: can't turn off malloc stack logging because it was not enabled.
Python(93448) MallocStackLogging: can't turn off malloc stack logging because it was not enabled.
Python(93476) MallocStackLogging: can't turn off malloc stack logging because it was not enabled.
Python(93504) MallocStackLogging: can't turn off malloc stack logging because it was not enabled.
Python(93533) MallocStackLogging: can't turn off malloc stack logging because it was not enabled.
Python(93561) MallocStackLogging: can't turn off malloc stack logging because it was not enabled.
Python(93589) MallocStackLogging: can't turn off malloc stack logging because it was not enabled.
Python(93617) MallocStackLogging: can't turn off malloc stack logging because it was not enabled.
Python(93645) MallocStackLogging: can't turn off malloc stack logging because it was not enabled.
Python(93674) MallocStackLogging: can't turn off malloc stack logging because it was not enabled.
Python(93702) MallocStackLogging: can't turn off malloc stack logging because it was not enabled.
Python(93731) MallocStackLogging: can't turn off malloc stack logging because it was not enabled.
     0      5.5  100.0%    100.0%   +0.0     0%     286    21.9h
Python(93760) MallocStackLogging: can't turn off malloc stack logging because it was not enabled.
Python(93788) MallocStackLogging: can't turn off malloc stack logging because it was not enabled.
Python(93816) MallocStackLogging: can't turn off malloc stack logging because it was not enabled.
Python(93844) MallocStackLogging: can't turn off malloc stack logging because it was not enabled.
Python(93874) MallocStackLogging: can't turn off malloc stack logging because it was not enabled.
Python(93902) MallocStackLogging: can't turn off malloc stack logging because it was not enabled.
Python(93931) MallocStackLogging: can't turn off malloc stack logging because it was not enabled.
Python(93959) MallocStackLogging: can't turn off malloc stack logging because it was not enabled.
Python(93989) MallocStackLogging: can't turn off malloc stack logging because it was not enabled.
Python(94018) MallocStackLogging: can't turn off malloc stack logging because it was not enabled.
Python(94046) MallocStackLogging: can't turn off malloc stack logging because it was not enabled.
Python(94074) MallocStackLogging: can't turn off malloc stack logging because it was not enabled.
Python(94102) MallocStackLogging: can't turn off malloc stack logging because it was not enabled.
Python(94130) MallocStackLogging: can't turn off malloc stack logging because it was not enabled.
Python(94160) MallocStackLogging: can't turn off malloc stack logging because it was not enabled.
Python(94188) MallocStackLogging: can't turn off malloc stack logging because it was not enabled.
Python(94217) MallocStackLogging: can't turn off malloc stack logging because it was not enabled.
Python(94245) MallocStackLogging: can't turn off malloc stack logging because it was not enabled.
Python(94275) MallocStackLogging: can't turn off malloc stack logging because it was not enabled.
Python(94303) MallocStackLogging: can't turn off malloc stack logging because it was not enabled.
Python(94331) MallocStackLogging: can't turn off malloc stack logging because it was not enabled.
Python(94359) MallocStackLogging: can't turn off malloc stack logging because it was not enabled.
Python(94387) MallocStackLogging: can't turn off malloc stack logging because it was not enabled.
Python(94415) MallocStackLogging: can't turn off malloc stack logging because it was not enabled.
Python(94443) MallocStackLogging: can't turn off malloc stack logging because it was not enabled.
Python(94471) MallocStackLogging: can't turn off malloc stack logging because it was not enabled.
Python(94499) MallocStackLogging: can't turn off malloc stack logging because it was not enabled.
Python(94527) MallocStackLogging: can't turn off malloc stack logging because it was not enabled.
Python(94556) MallocStackLogging: can't turn off malloc stack logging because it was not enabled.
Python(94584) MallocStackLogging: can't turn off malloc stack logging because it was not enabled.
Python(94613) MallocStackLogging: can't turn off malloc stack logging because it was not enabled.
Python(94641) MallocStackLogging: can't turn off malloc stack logging because it was not enabled.
Python(94670) MallocStackLogging: can't turn off malloc stack logging because it was not enabled.
Python(94698) MallocStackLogging: can't turn off malloc stack logging because it was not enabled.
Python(94726) MallocStackLogging: can't turn off malloc stack logging because it was not enabled.
Python(94763) MallocStackLogging: can't turn off malloc stack logging because it was not enabled.
Python(94791) MallocStackLogging: can't turn off malloc stack logging because it was not enabled.
Python(94819) MallocStackLogging: can't turn off malloc stack logging because it was not enabled.
Python(94847) MallocStackLogging: can't turn off malloc stack logging because it was not enabled.
Python(94888) MallocStackLogging: can't turn off malloc stack logging because it was not enabled.
     0      5.5  100.0%    100.0%   +0.0     0%     290    22.2h
Python(94917) MallocStackLogging: can't turn off malloc stack logging because it was not enabled.
Python(94945) MallocStackLogging: can't turn off malloc stack logging because it was not enabled.
Python(94973) MallocStackLogging: can't turn off malloc stack logging because it was not enabled.
Python(95001) MallocStackLogging: can't turn off malloc stack logging because it was not enabled.
Python(95029) MallocStackLogging: can't turn off malloc stack logging because it was not enabled.
Python(95057) MallocStackLogging: can't turn off malloc stack logging because it was not enabled.
Python(95085) MallocStackLogging: can't turn off malloc stack logging because it was not enabled.
Python(95114) MallocStackLogging: can't turn off malloc stack logging because it was not enabled.
Python(95143) MallocStackLogging: can't turn off malloc stack logging because it was not enabled.
Python(95171) MallocStackLogging: can't turn off malloc stack logging because it was not enabled.
Python(95201) MallocStackLogging: can't turn off malloc stack logging because it was not enabled.
Python(95229) MallocStackLogging: can't turn off malloc stack logging because it was not enabled.
Python(95257) MallocStackLogging: can't turn off malloc stack logging because it was not enabled.
Python(95285) MallocStackLogging: can't turn off malloc stack logging because it was not enabled.
Python(95313) MallocStackLogging: can't turn off malloc stack logging because it was not enabled.
Python(95341) MallocStackLogging: can't turn off malloc stack logging because it was not enabled.
Python(95369) MallocStackLogging: can't turn off malloc stack logging because it was not enabled.
Python(95398) MallocStackLogging: can't turn off malloc stack logging because it was not enabled.
Python(95426) MallocStackLogging: can't turn off malloc stack logging because it was not enabled.
Python(95454) MallocStackLogging: can't turn off malloc stack logging because it was not enabled.
Python(95482) MallocStackLogging: can't turn off malloc stack logging because it was not enabled.
Python(95511) MallocStackLogging: can't turn off malloc stack logging because it was not enabled.
Python(95542) MallocStackLogging: can't turn off malloc stack logging because it was not enabled.
Python(95578) MallocStackLogging: can't turn off malloc stack logging because it was not enabled.
Python(95606) MallocStackLogging: can't turn off malloc stack logging because it was not enabled.
Python(95635) MallocStackLogging: can't turn off malloc stack logging because it was not enabled.
Python(95663) MallocStackLogging: can't turn off malloc stack logging because it was not enabled.
Python(95691) MallocStackLogging: can't turn off malloc stack logging because it was not enabled.
Python(95719) MallocStackLogging: can't turn off malloc stack logging because it was not enabled.
Python(95748) MallocStackLogging: can't turn off malloc stack logging because it was not enabled.
Python(95776) MallocStackLogging: can't turn off malloc stack logging because it was not enabled.
Python(95805) MallocStackLogging: can't turn off malloc stack logging because it was not enabled.
Python(95834) MallocStackLogging: can't turn off malloc stack logging because it was not enabled.
Python(95864) MallocStackLogging: can't turn off malloc stack logging because it was not enabled.
Python(95893) MallocStackLogging: can't turn off malloc stack logging because it was not enabled.
Python(95924) MallocStackLogging: can't turn off malloc stack logging because it was not enabled.
Python(95959) MallocStackLogging: can't turn off malloc stack logging because it was not enabled.
Python(95987) MallocStackLogging: can't turn off malloc stack logging because it was not enabled.
Python(96018) MallocStackLogging: can't turn off malloc stack logging because it was not enabled.
Python(96052) MallocStackLogging: can't turn off malloc stack logging because it was not enabled.
     0      4.0   89.2%     84.2%   +5.0    16%     293    22.6h
Python(96087) MallocStackLogging: can't turn off malloc stack logging because it was not enabled.
Python(96115) MallocStackLogging: can't turn off malloc stack logging because it was not enabled.
Python(96143) MallocStackLogging: can't turn off malloc stack logging because it was not enabled.
Python(96172) MallocStackLogging: can't turn off malloc stack logging because it was not enabled.
Python(96203) MallocStackLogging: can't turn off malloc stack logging because it was not enabled.
Python(96232) MallocStackLogging: can't turn off malloc stack logging because it was not enabled.
Python(96260) MallocStackLogging: can't turn off malloc stack logging because it was not enabled.
Python(96288) MallocStackLogging: can't turn off malloc stack logging because it was not enabled.
Python(96323) MallocStackLogging: can't turn off malloc stack logging because it was not enabled.
Python(96353) MallocStackLogging: can't turn off malloc stack logging because it was not enabled.
Python(96390) MallocStackLogging: can't turn off malloc stack logging because it was not enabled.
Python(96419) MallocStackLogging: can't turn off malloc stack logging because it was not enabled.
Python(96450) MallocStackLogging: can't turn off malloc stack logging because it was not enabled.
Python(96479) MallocStackLogging: can't turn off malloc stack logging because it was not enabled.
Python(96507) MallocStackLogging: can't turn off malloc stack logging because it was not enabled.
Python(96545) MallocStackLogging: can't turn off malloc stack logging because it was not enabled.
Python(96574) MallocStackLogging: can't turn off malloc stack logging because it was not enabled.
Python(96604) MallocStackLogging: can't turn off malloc stack logging because it was not enabled.
Python(96632) MallocStackLogging: can't turn off malloc stack logging because it was not enabled.
Python(96660) MallocStackLogging: can't turn off malloc stack logging because it was not enabled.
Python(96699) MallocStackLogging: can't turn off malloc stack logging because it was not enabled.
Python(96727) MallocStackLogging: can't turn off malloc stack logging because it was not enabled.
Python(96756) MallocStackLogging: can't turn off malloc stack logging because it was not enabled.
Python(96789) MallocStackLogging: can't turn off malloc stack logging because it was not enabled.
Python(96817) MallocStackLogging: can't turn off malloc stack logging because it was not enabled.
Python(96845) MallocStackLogging: can't turn off malloc stack logging because it was not enabled.
Python(96873) MallocStackLogging: can't turn off malloc stack logging because it was not enabled.
Python(96902) MallocStackLogging: can't turn off malloc stack logging because it was not enabled.
Python(96930) MallocStackLogging: can't turn off malloc stack logging because it was not enabled.
Python(96958) MallocStackLogging: can't turn off malloc stack logging because it was not enabled.
Python(96986) MallocStackLogging: can't turn off malloc stack logging because it was not enabled.
Python(97014) MallocStackLogging: can't turn off malloc stack logging because it was not enabled.
Python(97043) MallocStackLogging: can't turn off malloc stack logging because it was not enabled.
Python(97071) MallocStackLogging: can't turn off malloc stack logging because it was not enabled.
Python(97099) MallocStackLogging: can't turn off malloc stack logging because it was not enabled.
Python(97127) MallocStackLogging: can't turn off malloc stack logging because it was not enabled.
Python(97155) MallocStackLogging: can't turn off malloc stack logging because it was not enabled.
Python(97184) MallocStackLogging: can't turn off malloc stack logging because it was not enabled.
Python(97212) MallocStackLogging: can't turn off malloc stack logging because it was not enabled.
Python(97240) MallocStackLogging: can't turn off malloc stack logging because it was not enabled.
     0      4.1   78.3%     60.8%  +17.5    39%     293    23.2h
Python(97269) MallocStackLogging: can't turn off malloc stack logging because it was not enabled.
Python(97298) MallocStackLogging: can't turn off malloc stack logging because it was not enabled.
Python(97327) MallocStackLogging: can't turn off malloc stack logging because it was not enabled.
Python(97363) MallocStackLogging: can't turn off malloc stack logging because it was not enabled.
Python(97391) MallocStackLogging: can't turn off malloc stack logging because it was not enabled.
Python(97420) MallocStackLogging: can't turn off malloc stack logging because it was not enabled.
Python(97448) MallocStackLogging: can't turn off malloc stack logging because it was not enabled.
Python(97476) MallocStackLogging: can't turn off malloc stack logging because it was not enabled.
Python(97504) MallocStackLogging: can't turn off malloc stack logging because it was not enabled.
Python(97533) MallocStackLogging: can't turn off malloc stack logging because it was not enabled.
Python(97561) MallocStackLogging: can't turn off malloc stack logging because it was not enabled.
Python(97590) MallocStackLogging: can't turn off malloc stack logging because it was not enabled.
Python(97618) MallocStackLogging: can't turn off malloc stack logging because it was not enabled.
Python(97646) MallocStackLogging: can't turn off malloc stack logging because it was not enabled.
Python(97674) MallocStackLogging: can't turn off malloc stack logging because it was not enabled.
Python(97702) MallocStackLogging: can't turn off malloc stack logging because it was not enabled.
Python(97730) MallocStackLogging: can't turn off malloc stack logging because it was not enabled.
Python(97758) MallocStackLogging: can't turn off malloc stack logging because it was not enabled.
Python(97786) MallocStackLogging: can't turn off malloc stack logging because it was not enabled.
Python(97814) MallocStackLogging: can't turn off malloc stack logging because it was not enabled.
Python(97842) MallocStackLogging: can't turn off malloc stack logging because it was not enabled.
Python(97870) MallocStackLogging: can't turn off malloc stack logging because it was not enabled.
Python(97899) MallocStackLogging: can't turn off malloc stack logging because it was not enabled.
Python(97927) MallocStackLogging: can't turn off malloc stack logging because it was not enabled.
Python(97955) MallocStackLogging: can't turn off malloc stack logging because it was not enabled.
Python(97983) MallocStackLogging: can't turn off malloc stack logging because it was not enabled.
Python(98011) MallocStackLogging: can't turn off malloc stack logging because it was not enabled.
Python(98039) MallocStackLogging: can't turn off malloc stack logging because it was not enabled.
Python(98068) MallocStackLogging: can't turn off malloc stack logging because it was not enabled.
Python(98096) MallocStackLogging: can't turn off malloc stack logging because it was not enabled.
Python(98124) MallocStackLogging: can't turn off malloc stack logging because it was not enabled.
Python(98152) MallocStackLogging: can't turn off malloc stack logging because it was not enabled.
Python(98181) MallocStackLogging: can't turn off malloc stack logging because it was not enabled.
Python(98209) MallocStackLogging: can't turn off malloc stack logging because it was not enabled.
Python(98246) MallocStackLogging: can't turn off malloc stack logging because it was not enabled.
Python(98275) MallocStackLogging: can't turn off malloc stack logging because it was not enabled.
Python(98303) MallocStackLogging: can't turn off malloc stack logging because it was not enabled.
Python(98331) MallocStackLogging: can't turn off malloc stack logging because it was not enabled.
Python(98359) MallocStackLogging: can't turn off malloc stack logging because it was not enabled.
Python(98387) MallocStackLogging: can't turn off malloc stack logging because it was not enabled.
     0      4.0   66.7%     65.8%   +0.8    66%     293    23.5h
Python(98417) MallocStackLogging: can't turn off malloc stack logging because it was not enabled.
Python(98445) MallocStackLogging: can't turn off malloc stack logging because it was not enabled.
Python(98475) MallocStackLogging: can't turn off malloc stack logging because it was not enabled.
Python(98504) MallocStackLogging: can't turn off malloc stack logging because it was not enabled.
Python(98533) MallocStackLogging: can't turn off malloc stack logging because it was not enabled.
Python(98563) MallocStackLogging: can't turn off malloc stack logging because it was not enabled.
Python(98592) MallocStackLogging: can't turn off malloc stack logging because it was not enabled.
Python(98620) MallocStackLogging: can't turn off malloc stack logging because it was not enabled.
Python(98648) MallocStackLogging: can't turn off malloc stack logging because it was not enabled.
Python(98680) MallocStackLogging: can't turn off malloc stack logging because it was not enabled.
Python(98712) MallocStackLogging: can't turn off malloc stack logging because it was not enabled.
Python(98740) MallocStackLogging: can't turn off malloc stack logging because it was not enabled.
Python(98770) MallocStackLogging: can't turn off malloc stack logging because it was not enabled.
Python(98808) MallocStackLogging: can't turn off malloc stack logging because it was not enabled.
Python(98836) MallocStackLogging: can't turn off malloc stack logging because it was not enabled.
Python(98864) MallocStackLogging: can't turn off malloc stack logging because it was not enabled.
Python(98892) MallocStackLogging: can't turn off malloc stack logging because it was not enabled.
Python(98920) MallocStackLogging: can't turn off malloc stack logging because it was not enabled.
Python(98948) MallocStackLogging: can't turn off malloc stack logging because it was not enabled.
Python(98976) MallocStackLogging: can't turn off malloc stack logging because it was not enabled.
Python(99004) MallocStackLogging: can't turn off malloc stack logging because it was not enabled.
Python(99032) MallocStackLogging: can't turn off malloc stack logging because it was not enabled.
Python(99061) MallocStackLogging: can't turn off malloc stack logging because it was not enabled.
Python(99089) MallocStackLogging: can't turn off malloc stack logging because it was not enabled.
Python(99117) MallocStackLogging: can't turn off malloc stack logging because it was not enabled.
Python(99145) MallocStackLogging: can't turn off malloc stack logging because it was not enabled.
Python(99173) MallocStackLogging: can't turn off malloc stack logging because it was not enabled.
Python(99201) MallocStackLogging: can't turn off malloc stack logging because it was not enabled.
Python(99236) MallocStackLogging: can't turn off malloc stack logging because it was not enabled.
Python(99270) MallocStackLogging: can't turn off malloc stack logging because it was not enabled.
Python(99306) MallocStackLogging: can't turn off malloc stack logging because it was not enabled.
     0      3.9   65.8%     72.5%   -6.7    72%     293    25.7h
Python(99335) MallocStackLogging: can't turn off malloc stack logging because it was not enabled.
Python(99366) MallocStackLogging: can't turn off malloc stack logging because it was not enabled.
Python(99396) MallocStackLogging: can't turn off malloc stack logging because it was not enabled.
Python(99425) MallocStackLogging: can't turn off malloc stack logging because it was not enabled.
Python(99457) MallocStackLogging: can't turn off malloc stack logging because it was not enabled.
Python(99487) MallocStackLogging: can't turn off malloc stack logging because it was not enabled.
Python(99516) MallocStackLogging: can't turn off malloc stack logging because it was not enabled.
Python(99553) MallocStackLogging: can't turn off malloc stack logging because it was not enabled.
Python(99599) MallocStackLogging: can't turn off malloc stack logging because it was not enabled.
Python(99630) MallocStackLogging: can't turn off malloc stack logging because it was not enabled.
Python(99658) MallocStackLogging: can't turn off malloc stack logging because it was not enabled.
Python(99687) MallocStackLogging: can't turn off malloc stack logging because it was not enabled.
Python(99715) MallocStackLogging: can't turn off malloc stack logging because it was not enabled.
Python(99747) MallocStackLogging: can't turn off malloc stack logging because it was not enabled.
Python(99777) MallocStackLogging: can't turn off malloc stack logging because it was not enabled.
Python(99805) MallocStackLogging: can't turn off malloc stack logging because it was not enabled.
Python(99847) MallocStackLogging: can't turn off malloc stack logging because it was not enabled.
Python(99878) MallocStackLogging: can't turn off malloc stack logging because it was not enabled.
Python(99907) MallocStackLogging: can't turn off malloc stack logging because it was not enabled.
Python(99935) MallocStackLogging: can't turn off malloc stack logging because it was not enabled.
Python(99967) MallocStackLogging: can't turn off malloc stack logging because it was not enabled.
Python(108) MallocStackLogging: can't turn off malloc stack logging because it was not enabled.
Python(138) MallocStackLogging: can't turn off malloc stack logging because it was not enabled.
Python(175) MallocStackLogging: can't turn off malloc stack logging because it was not enabled.
Python(203) MallocStackLogging: can't turn off malloc stack logging because it was not enabled.
Python(231) MallocStackLogging: can't turn off malloc stack logging because it was not enabled.
Python(259) MallocStackLogging: can't turn off malloc stack logging because it was not enabled.
Python(287) MallocStackLogging: can't turn off malloc stack logging because it was not enabled.
Python(318) MallocStackLogging: can't turn off malloc stack logging because it was not enabled.
Python(346) MallocStackLogging: can't turn off malloc stack logging because it was not enabled.
Python(374) MallocStackLogging: can't turn off malloc stack logging because it was not enabled.
Python(402) MallocStackLogging: can't turn off malloc stack logging because it was not enabled.
Python(431) MallocStackLogging: can't turn off malloc stack logging because it was not enabled.
Python(459) MallocStackLogging: can't turn off malloc stack logging because it was not enabled.
Python(487) MallocStackLogging: can't turn off malloc stack logging because it was not enabled.
Python(515) MallocStackLogging: can't turn off malloc stack logging because it was not enabled.
Python(555) MallocStackLogging: can't turn off malloc stack logging because it was not enabled.
Python(621) MallocStackLogging: can't turn off malloc stack logging because it was not enabled.
Python(659) MallocStackLogging: can't turn off malloc stack logging because it was not enabled.
Python(699) MallocStackLogging: can't turn off malloc stack logging because it was not enabled.
Python(732) MallocStackLogging: can't turn off malloc stack logging because it was not enabled.
Python(765) MallocStackLogging: can't turn off malloc stack logging because it was not enabled.
Python(795) MallocStackLogging: can't turn off malloc stack logging because it was not enabled.
Python(827) MallocStackLogging: can't turn off malloc stack logging because it was not enabled.
Python(855) MallocStackLogging: can't turn off malloc stack logging because it was not enabled.
Python(883) MallocStackLogging: can't turn off malloc stack logging because it was not enabled.
Python(913) MallocStackLogging: can't turn off malloc stack logging because it was not enabled.
Python(944) MallocStackLogging: can't turn off malloc stack logging because it was not enabled.
Python(987) MallocStackLogging: can't turn off malloc stack logging because it was not enabled.
     0      3.2   61.7%     67.5%   -5.8    68%     293    31.4h
Python(1025) MallocStackLogging: can't turn off malloc stack logging because it was not enabled.
Python(1061) MallocStackLogging: can't turn off malloc stack logging because it was not enabled.
Python(1094) MallocStackLogging: can't turn off malloc stack logging because it was not enabled.
Python(1124) MallocStackLogging: can't turn off malloc stack logging because it was not enabled.
Python(1160) MallocStackLogging: can't turn off malloc stack logging because it was not enabled.
Python(1198) MallocStackLogging: can't turn off malloc stack logging because it was not enabled.
Python(1228) MallocStackLogging: can't turn off malloc stack logging because it was not enabled.
Python(1264) MallocStackLogging: can't turn off malloc stack logging because it was not enabled.
Python(1301) MallocStackLogging: can't turn off malloc stack logging because it was not enabled.
Python(1341) MallocStackLogging: can't turn off malloc stack logging because it was not enabled.
Python(1371) MallocStackLogging: can't turn off malloc stack logging because it was not enabled.
Python(1403) MallocStackLogging: can't turn off malloc stack logging because it was not enabled.
Python(1437) MallocStackLogging: can't turn off malloc stack logging because it was not enabled.
Python(1467) MallocStackLogging: can't turn off malloc stack logging because it was not enabled.
Python(1495) MallocStackLogging: can't turn off malloc stack logging because it was not enabled.
Python(1536) MallocStackLogging: can't turn off malloc stack logging because it was not enabled.
Python(1576) MallocStackLogging: can't turn off malloc stack logging because it was not enabled.
Python(1609) MallocStackLogging: can't turn off malloc stack logging because it was not enabled.
Python(1637) MallocStackLogging: can't turn off malloc stack logging because it was not enabled.
Python(1669) MallocStackLogging: can't turn off malloc stack logging because it was not enabled.
Python(1698) MallocStackLogging: can't turn off malloc stack logging because it was not enabled.
Python(1727) MallocStackLogging: can't turn off malloc stack logging because it was not enabled.
Python(1765) MallocStackLogging: can't turn off malloc stack logging because it was not enabled.
Python(1794) MallocStackLogging: can't turn off malloc stack logging because it was not enabled.
Python(1822) MallocStackLogging: can't turn off malloc stack logging because it was not enabled.
Python(1850) MallocStackLogging: can't turn off malloc stack logging because it was not enabled.
Python(1878) MallocStackLogging: can't turn off malloc stack logging because it was not enabled.
Python(1907) MallocStackLogging: can't turn off malloc stack logging because it was not enabled.
Python(1936) MallocStackLogging: can't turn off malloc stack logging because it was not enabled.
Python(1964) MallocStackLogging: can't turn off malloc stack logging because it was not enabled.
Python(1992) MallocStackLogging: can't turn off malloc stack logging because it was not enabled.
Python(2020) MallocStackLogging: can't turn off malloc stack logging because it was not enabled.
Python(2049) MallocStackLogging: can't turn off malloc stack logging because it was not enabled.
Python(2078) MallocStackLogging: can't turn off malloc stack logging because it was not enabled.
Python(2116) MallocStackLogging: can't turn off malloc stack logging because it was not enabled.
Python(2144) MallocStackLogging: can't turn off malloc stack logging because it was not enabled.
Python(2172) MallocStackLogging: can't turn off malloc stack logging because it was not enabled.
Python(2200) MallocStackLogging: can't turn off malloc stack logging because it was not enabled.
Python(2228) MallocStackLogging: can't turn off malloc stack logging because it was not enabled.
Python(2256) MallocStackLogging: can't turn off malloc stack logging because it was not enabled.
     0      4.9   71.7%     72.5%   -0.8    72%     293    31.7h
Python(2285) MallocStackLogging: can't turn off malloc stack logging because it was not enabled.
Python(2313) MallocStackLogging: can't turn off malloc stack logging because it was not enabled.
Python(2343) MallocStackLogging: can't turn off malloc stack logging because it was not enabled.
Python(2372) MallocStackLogging: can't turn off malloc stack logging because it was not enabled.
Python(2400) MallocStackLogging: can't turn off malloc stack logging because it was not enabled.
Python(2428) MallocStackLogging: can't turn off malloc stack logging because it was not enabled.
Python(2456) MallocStackLogging: can't turn off malloc stack logging because it was not enabled.
Python(2484) MallocStackLogging: can't turn off malloc stack logging because it was not enabled.
Python(2513) MallocStackLogging: can't turn off malloc stack logging because it was not enabled.
Python(2541) MallocStackLogging: can't turn off malloc stack logging because it was not enabled.
Python(2569) MallocStackLogging: can't turn off malloc stack logging because it was not enabled.
Python(2597) MallocStackLogging: can't turn off malloc stack logging because it was not enabled.
Python(2626) MallocStackLogging: can't turn off malloc stack logging because it was not enabled.
Python(2654) MallocStackLogging: can't turn off malloc stack logging because it was not enabled.
Python(2682) MallocStackLogging: can't turn off malloc stack logging because it was not enabled.
Python(2710) MallocStackLogging: can't turn off malloc stack logging because it was not enabled.
Python(2738) MallocStackLogging: can't turn off malloc stack logging because it was not enabled.
Python(2766) MallocStackLogging: can't turn off malloc stack logging because it was not enabled.
Python(2795) MallocStackLogging: can't turn off malloc stack logging because it was not enabled.
Python(2825) MallocStackLogging: can't turn off malloc stack logging because it was not enabled.
Python(2853) MallocStackLogging: can't turn off malloc stack logging because it was not enabled.
Python(2883) MallocStackLogging: can't turn off malloc stack logging because it was not enabled.
Python(2915) MallocStackLogging: can't turn off malloc stack logging because it was not enabled.
Python(2943) MallocStackLogging: can't turn off malloc stack logging because it was not enabled.
Python(2971) MallocStackLogging: can't turn off malloc stack logging because it was not enabled.
Python(2999) MallocStackLogging: can't turn off malloc stack logging because it was not enabled.
Python(3027) MallocStackLogging: can't turn off malloc stack logging because it was not enabled.
Python(3055) MallocStackLogging: can't turn off malloc stack logging because it was not enabled.
Python(3083) MallocStackLogging: can't turn off malloc stack logging because it was not enabled.
Python(3111) MallocStackLogging: can't turn off malloc stack logging because it was not enabled.
Python(3139) MallocStackLogging: can't turn off malloc stack logging because it was not enabled.
Python(3167) MallocStackLogging: can't turn off malloc stack logging because it was not enabled.
Python(3196) MallocStackLogging: can't turn off malloc stack logging because it was not enabled.
Python(3224) MallocStackLogging: can't turn off malloc stack logging because it was not enabled.
Python(3252) MallocStackLogging: can't turn off malloc stack logging because it was not enabled.
Python(3280) MallocStackLogging: can't turn off malloc stack logging because it was not enabled.
Python(3308) MallocStackLogging: can't turn off malloc stack logging because it was not enabled.
Python(3336) MallocStackLogging: can't turn off malloc stack logging because it was not enabled.
Python(3364) MallocStackLogging: can't turn off malloc stack logging because it was not enabled.
Python(3396) MallocStackLogging: can't turn off malloc stack logging because it was not enabled.
     0      6.7   82.5%     82.5%   +0.0    82%     293    32.0h
Python(3425) MallocStackLogging: can't turn off malloc stack logging because it was not enabled.
Python(3453) MallocStackLogging: can't turn off malloc stack logging because it was not enabled.
Python(3485) MallocStackLogging: can't turn off malloc stack logging because it was not enabled.
Python(3514) MallocStackLogging: can't turn off malloc stack logging because it was not enabled.
Python(3542) MallocStackLogging: can't turn off malloc stack logging because it was not enabled.
Python(3570) MallocStackLogging: can't turn off malloc stack logging because it was not enabled.
Python(3598) MallocStackLogging: can't turn off malloc stack logging because it was not enabled.
Python(3626) MallocStackLogging: can't turn off malloc stack logging because it was not enabled.
Python(3654) MallocStackLogging: can't turn off malloc stack logging because it was not enabled.
Python(3682) MallocStackLogging: can't turn off malloc stack logging because it was not enabled.
Python(3710) MallocStackLogging: can't turn off malloc stack logging because it was not enabled.
Python(3738) MallocStackLogging: can't turn off malloc stack logging because it was not enabled.
Python(3767) MallocStackLogging: can't turn off malloc stack logging because it was not enabled.
Python(3795) MallocStackLogging: can't turn off malloc stack logging because it was not enabled.
Python(3824) MallocStackLogging: can't turn off malloc stack logging because it was not enabled.
Python(3861) MallocStackLogging: can't turn off malloc stack logging because it was not enabled.
Python(3890) MallocStackLogging: can't turn off malloc stack logging because it was not enabled.
Python(3918) MallocStackLogging: can't turn off malloc stack logging because it was not enabled.
Python(3946) MallocStackLogging: can't turn off malloc stack logging because it was not enabled.
Python(3975) MallocStackLogging: can't turn off malloc stack logging because it was not enabled.
Python(4006) MallocStackLogging: can't turn off malloc stack logging because it was not enabled.
Python(4034) MallocStackLogging: can't turn off malloc stack logging because it was not enabled.
Python(4063) MallocStackLogging: can't turn off malloc stack logging because it was not enabled.
Python(4091) MallocStackLogging: can't turn off malloc stack logging because it was not enabled.
Python(4119) MallocStackLogging: can't turn off malloc stack logging because it was not enabled.
Python(4147) MallocStackLogging: can't turn off malloc stack logging because it was not enabled.
Python(4175) MallocStackLogging: can't turn off malloc stack logging because it was not enabled.
Python(4203) MallocStackLogging: can't turn off malloc stack logging because it was not enabled.
Python(4231) MallocStackLogging: can't turn off malloc stack logging because it was not enabled.
Python(4259) MallocStackLogging: can't turn off malloc stack logging because it was not enabled.
Python(4287) MallocStackLogging: can't turn off malloc stack logging because it was not enabled.
Python(4316) MallocStackLogging: can't turn off malloc stack logging because it was not enabled.
Python(4346) MallocStackLogging: can't turn off malloc stack logging because it was not enabled.
Python(4374) MallocStackLogging: can't turn off malloc stack logging because it was not enabled.
Python(4403) MallocStackLogging: can't turn off malloc stack logging because it was not enabled.
Python(4431) MallocStackLogging: can't turn off malloc stack logging because it was not enabled.
Python(4459) MallocStackLogging: can't turn off malloc stack logging because it was not enabled.
Python(4487) MallocStackLogging: can't turn off malloc stack logging because it was not enabled.
Python(4520) MallocStackLogging: can't turn off malloc stack logging because it was not enabled.
Python(4548) MallocStackLogging: can't turn off malloc stack logging because it was not enabled.
     0      8.7   97.5%     97.5%   +0.0    98%     293    32.4h
Python(4578) MallocStackLogging: can't turn off malloc stack logging because it was not enabled.
Python(4606) MallocStackLogging: can't turn off malloc stack logging because it was not enabled.
Python(4635) MallocStackLogging: can't turn off malloc stack logging because it was not enabled.
Python(4664) MallocStackLogging: can't turn off malloc stack logging because it was not enabled.
Python(4692) MallocStackLogging: can't turn off malloc stack logging because it was not enabled.
Python(4721) MallocStackLogging: can't turn off malloc stack logging because it was not enabled.
Python(4749) MallocStackLogging: can't turn off malloc stack logging because it was not enabled.
Python(4777) MallocStackLogging: can't turn off malloc stack logging because it was not enabled.
Python(4805) MallocStackLogging: can't turn off malloc stack logging because it was not enabled.
Python(4833) MallocStackLogging: can't turn off malloc stack logging because it was not enabled.
Python(4861) MallocStackLogging: can't turn off malloc stack logging because it was not enabled.
Python(4889) MallocStackLogging: can't turn off malloc stack logging because it was not enabled.
Python(4920) MallocStackLogging: can't turn off malloc stack logging because it was not enabled.
Python(4948) MallocStackLogging: can't turn off malloc stack logging because it was not enabled.
Python(4976) MallocStackLogging: can't turn off malloc stack logging because it was not enabled.
Python(5004) MallocStackLogging: can't turn off malloc stack logging because it was not enabled.
Python(5032) MallocStackLogging: can't turn off malloc stack logging because it was not enabled.
Python(5060) MallocStackLogging: can't turn off malloc stack logging because it was not enabled.
Python(5088) MallocStackLogging: can't turn off malloc stack logging because it was not enabled.
Python(5116) MallocStackLogging: can't turn off malloc stack logging because it was not enabled.
Python(5144) MallocStackLogging: can't turn off malloc stack logging because it was not enabled.
Python(5173) MallocStackLogging: can't turn off malloc stack logging because it was not enabled.
Python(5201) MallocStackLogging: can't turn off malloc stack logging because it was not enabled.
Python(5229) MallocStackLogging: can't turn off malloc stack logging because it was not enabled.
Python(5257) MallocStackLogging: can't turn off malloc stack logging because it was not enabled.
Python(5285) MallocStackLogging: can't turn off malloc stack logging because it was not enabled.
Python(5313) MallocStackLogging: can't turn off malloc stack logging because it was not enabled.
Python(5341) MallocStackLogging: can't turn off malloc stack logging because it was not enabled.
Python(5369) MallocStackLogging: can't turn off malloc stack logging because it was not enabled.
Python(5397) MallocStackLogging: can't turn off malloc stack logging because it was not enabled.
Python(5425) MallocStackLogging: can't turn off malloc stack logging because it was not enabled.
Python(5454) MallocStackLogging: can't turn off malloc stack logging because it was not enabled.
Python(5482) MallocStackLogging: can't turn off malloc stack logging because it was not enabled.
Python(5510) MallocStackLogging: can't turn off malloc stack logging because it was not enabled.
Python(5546) MallocStackLogging: can't turn off malloc stack logging because it was not enabled.
Python(5574) MallocStackLogging: can't turn off malloc stack logging because it was not enabled.
Python(5602) MallocStackLogging: can't turn off malloc stack logging because it was not enabled.
Python(5631) MallocStackLogging: can't turn off malloc stack logging because it was not enabled.
Python(5659) MallocStackLogging: can't turn off malloc stack logging because it was not enabled.
Python(5687) MallocStackLogging: can't turn off malloc stack logging because it was not enabled.
     0     10.4   97.5%     97.5%   +0.0    98%     293    32.7h
Python(5716) MallocStackLogging: can't turn off malloc stack logging because it was not enabled.
Python(5751) MallocStackLogging: can't turn off malloc stack logging because it was not enabled.
Python(5779) MallocStackLogging: can't turn off malloc stack logging because it was not enabled.
Python(5807) MallocStackLogging: can't turn off malloc stack logging because it was not enabled.
Python(5835) MallocStackLogging: can't turn off malloc stack logging because it was not enabled.
Python(5863) MallocStackLogging: can't turn off malloc stack logging because it was not enabled.
Python(5891) MallocStackLogging: can't turn off malloc stack logging because it was not enabled.
Python(5920) MallocStackLogging: can't turn off malloc stack logging because it was not enabled.
Python(5948) MallocStackLogging: can't turn off malloc stack logging because it was not enabled.
Python(5976) MallocStackLogging: can't turn off malloc stack logging because it was not enabled.
Python(6004) MallocStackLogging: can't turn off malloc stack logging because it was not enabled.
Python(6034) MallocStackLogging: can't turn off malloc stack logging because it was not enabled.
Python(6062) MallocStackLogging: can't turn off malloc stack logging because it was not enabled.
Python(6090) MallocStackLogging: can't turn off malloc stack logging because it was not enabled.
Python(6118) MallocStackLogging: can't turn off malloc stack logging because it was not enabled.
Python(6146) MallocStackLogging: can't turn off malloc stack logging because it was not enabled.
Python(6174) MallocStackLogging: can't turn off malloc stack logging because it was not enabled.
Python(6203) MallocStackLogging: can't turn off malloc stack logging because it was not enabled.
Python(6231) MallocStackLogging: can't turn off malloc stack logging because it was not enabled.
Python(6259) MallocStackLogging: can't turn off malloc stack logging because it was not enabled.
Python(6287) MallocStackLogging: can't turn off malloc stack logging because it was not enabled.
Python(6315) MallocStackLogging: can't turn off malloc stack logging because it was not enabled.
Python(6343) MallocStackLogging: can't turn off malloc stack logging because it was not enabled.
Python(6371) MallocStackLogging: can't turn off malloc stack logging because it was not enabled.
Python(6399) MallocStackLogging: can't turn off malloc stack logging because it was not enabled.
Python(6427) MallocStackLogging: can't turn off malloc stack logging because it was not enabled.
Python(6455) MallocStackLogging: can't turn off malloc stack logging because it was not enabled.
Python(6483) MallocStackLogging: can't turn off malloc stack logging because it was not enabled.
Python(6511) MallocStackLogging: can't turn off malloc stack logging because it was not enabled.
Python(6539) MallocStackLogging: can't turn off malloc stack logging because it was not enabled.
Python(6568) MallocStackLogging: can't turn off malloc stack logging because it was not enabled.
Python(6601) MallocStackLogging: can't turn off malloc stack logging because it was not enabled.
Python(6629) MallocStackLogging: can't turn off malloc stack logging because it was not enabled.
Python(6658) MallocStackLogging: can't turn off malloc stack logging because it was not enabled.
Python(6692) MallocStackLogging: can't turn off malloc stack logging because it was not enabled.
Python(6727) MallocStackLogging: can't turn off malloc stack logging because it was not enabled.
Python(6766) MallocStackLogging: can't turn off malloc stack logging because it was not enabled.
Python(6799) MallocStackLogging: can't turn off malloc stack logging because it was not enabled.
Python(6829) MallocStackLogging: can't turn off malloc stack logging because it was not enabled.
Python(6857) MallocStackLogging: can't turn off malloc stack logging because it was not enabled.
     0     10.3   86.7%     86.7%   +0.0    87%     293    33.0h
Python(6886) MallocStackLogging: can't turn off malloc stack logging because it was not enabled.
Python(6914) MallocStackLogging: can't turn off malloc stack logging because it was not enabled.
Python(6942) MallocStackLogging: can't turn off malloc stack logging because it was not enabled.
Python(6973) MallocStackLogging: can't turn off malloc stack logging because it was not enabled.
Python(7001) MallocStackLogging: can't turn off malloc stack logging because it was not enabled.
Python(7030) MallocStackLogging: can't turn off malloc stack logging because it was not enabled.
Python(7058) MallocStackLogging: can't turn off malloc stack logging because it was not enabled.
Python(7086) MallocStackLogging: can't turn off malloc stack logging because it was not enabled.
Python(7114) MallocStackLogging: can't turn off malloc stack logging because it was not enabled.
Python(7143) MallocStackLogging: can't turn off malloc stack logging because it was not enabled.
Python(7171) MallocStackLogging: can't turn off malloc stack logging because it was not enabled.
Python(7201) MallocStackLogging: can't turn off malloc stack logging because it was not enabled.
Python(7229) MallocStackLogging: can't turn off malloc stack logging because it was not enabled.
Python(7266) MallocStackLogging: can't turn off malloc stack logging because it was not enabled.
Python(7294) MallocStackLogging: can't turn off malloc stack logging because it was not enabled.
Python(7322) MallocStackLogging: can't turn off malloc stack logging because it was not enabled.
Python(7352) MallocStackLogging: can't turn off malloc stack logging because it was not enabled.
Python(7380) MallocStackLogging: can't turn off malloc stack logging because it was not enabled.
Python(7408) MallocStackLogging: can't turn off malloc stack logging because it was not enabled.
Python(7436) MallocStackLogging: can't turn off malloc stack logging because it was not enabled.
Python(7464) MallocStackLogging: can't turn off malloc stack logging because it was not enabled.
Python(7493) MallocStackLogging: can't turn off malloc stack logging because it was not enabled.
Python(7521) MallocStackLogging: can't turn off malloc stack logging because it was not enabled.
Python(7550) MallocStackLogging: can't turn off malloc stack logging because it was not enabled.
Python(7578) MallocStackLogging: can't turn off malloc stack logging because it was not enabled.
Python(7606) MallocStackLogging: can't turn off malloc stack logging because it was not enabled.
Python(7634) MallocStackLogging: can't turn off malloc stack logging because it was not enabled.
Python(7662) MallocStackLogging: can't turn off malloc stack logging because it was not enabled.
Python(7690) MallocStackLogging: can't turn off malloc stack logging because it was not enabled.
Python(7718) MallocStackLogging: can't turn off malloc stack logging because it was not enabled.
Python(7746) MallocStackLogging: can't turn off malloc stack logging because it was not enabled.
Python(7776) MallocStackLogging: can't turn off malloc stack logging because it was not enabled.
Python(7804) MallocStackLogging: can't turn off malloc stack logging because it was not enabled.
Python(7834) MallocStackLogging: can't turn off malloc stack logging because it was not enabled.
Python(7862) MallocStackLogging: can't turn off malloc stack logging because it was not enabled.
Python(7890) MallocStackLogging: can't turn off malloc stack logging because it was not enabled.
Python(7918) MallocStackLogging: can't turn off malloc stack logging because it was not enabled.
Python(7946) MallocStackLogging: can't turn off malloc stack logging because it was not enabled.
Python(7974) MallocStackLogging: can't turn off malloc stack logging because it was not enabled.
Python(8002) MallocStackLogging: can't turn off malloc stack logging because it was not enabled.
     0      7.5   62.5%     67.5%   -5.0    68%     294    33.4h
Python(8036) MallocStackLogging: can't turn off malloc stack logging because it was not enabled.
Python(8068) MallocStackLogging: can't turn off malloc stack logging because it was not enabled.
Python(8096) MallocStackLogging: can't turn off malloc stack logging because it was not enabled.
Python(8124) MallocStackLogging: can't turn off malloc stack logging because it was not enabled.
Python(8152) MallocStackLogging: can't turn off malloc stack logging because it was not enabled.
Python(8180) MallocStackLogging: can't turn off malloc stack logging because it was not enabled.
Python(8215) MallocStackLogging: can't turn off malloc stack logging because it was not enabled.
Python(8243) MallocStackLogging: can't turn off malloc stack logging because it was not enabled.
Python(8271) MallocStackLogging: can't turn off malloc stack logging because it was not enabled.
Python(8299) MallocStackLogging: can't turn off malloc stack logging because it was not enabled.
Python(8327) MallocStackLogging: can't turn off malloc stack logging because it was not enabled.
Python(8356) MallocStackLogging: can't turn off malloc stack logging because it was not enabled.
Python(8384) MallocStackLogging: can't turn off malloc stack logging because it was not enabled.
Python(8412) MallocStackLogging: can't turn off malloc stack logging because it was not enabled.
Python(8440) MallocStackLogging: can't turn off malloc stack logging because it was not enabled.
Python(8468) MallocStackLogging: can't turn off malloc stack logging because it was not enabled.
Python(8496) MallocStackLogging: can't turn off malloc stack logging because it was not enabled.
Python(8524) MallocStackLogging: can't turn off malloc stack logging because it was not enabled.
Python(8552) MallocStackLogging: can't turn off malloc stack logging because it was not enabled.
Python(8580) MallocStackLogging: can't turn off malloc stack logging because it was not enabled.
Python(8608) MallocStackLogging: can't turn off malloc stack logging because it was not enabled.
Python(8638) MallocStackLogging: can't turn off malloc stack logging because it was not enabled.
Python(8666) MallocStackLogging: can't turn off malloc stack logging because it was not enabled.
Python(8696) MallocStackLogging: can't turn off malloc stack logging because it was not enabled.
Python(8724) MallocStackLogging: can't turn off malloc stack logging because it was not enabled.
Python(8752) MallocStackLogging: can't turn off malloc stack logging because it was not enabled.
Python(8780) MallocStackLogging: can't turn off malloc stack logging because it was not enabled.
Python(8808) MallocStackLogging: can't turn off malloc stack logging because it was not enabled.
Python(8836) MallocStackLogging: can't turn off malloc stack logging because it was not enabled.
Python(8864) MallocStackLogging: can't turn off malloc stack logging because it was not enabled.
Python(8892) MallocStackLogging: can't turn off malloc stack logging because it was not enabled.
Python(8921) MallocStackLogging: can't turn off malloc stack logging because it was not enabled.
Python(8949) MallocStackLogging: can't turn off malloc stack logging because it was not enabled.
Python(8978) MallocStackLogging: can't turn off malloc stack logging because it was not enabled.
Python(9014) MallocStackLogging: can't turn off malloc stack logging because it was not enabled.
Python(9046) MallocStackLogging: can't turn off malloc stack logging because it was not enabled.
Python(9074) MallocStackLogging: can't turn off malloc stack logging because it was not enabled.
Python(9102) MallocStackLogging: can't turn off malloc stack logging because it was not enabled.
Python(9131) MallocStackLogging: can't turn off malloc stack logging because it was not enabled.
Python(9159) MallocStackLogging: can't turn off malloc stack logging because it was not enabled.
     0      6.3   46.7%     50.8%   -4.2    49%     294    33.7h
Python(9188) MallocStackLogging: can't turn off malloc stack logging because it was not enabled.
Python(9217) MallocStackLogging: can't turn off malloc stack logging because it was not enabled.
Python(9245) MallocStackLogging: can't turn off malloc stack logging because it was not enabled.
Python(9273) MallocStackLogging: can't turn off malloc stack logging because it was not enabled.
Python(9301) MallocStackLogging: can't turn off malloc stack logging because it was not enabled.
Python(9329) MallocStackLogging: can't turn off malloc stack logging because it was not enabled.
Python(9357) MallocStackLogging: can't turn off malloc stack logging because it was not enabled.
Python(9385) MallocStackLogging: can't turn off malloc stack logging because it was not enabled.
Python(9413) MallocStackLogging: can't turn off malloc stack logging because it was not enabled.
Python(9441) MallocStackLogging: can't turn off malloc stack logging because it was not enabled.
Python(9469) MallocStackLogging: can't turn off malloc stack logging because it was not enabled.
Python(9499) MallocStackLogging: can't turn off malloc stack logging because it was not enabled.
Python(9527) MallocStackLogging: can't turn off malloc stack logging because it was not enabled.
Python(9555) MallocStackLogging: can't turn off malloc stack logging because it was not enabled.
Python(9584) MallocStackLogging: can't turn off malloc stack logging because it was not enabled.
Python(9612) MallocStackLogging: can't turn off malloc stack logging because it was not enabled.
Python(9640) MallocStackLogging: can't turn off malloc stack logging because it was not enabled.
Python(9668) MallocStackLogging: can't turn off malloc stack logging because it was not enabled.
Python(9696) MallocStackLogging: can't turn off malloc stack logging because it was not enabled.
Python(9724) MallocStackLogging: can't turn off malloc stack logging because it was not enabled.
Python(9752) MallocStackLogging: can't turn off malloc stack logging because it was not enabled.
Python(9781) MallocStackLogging: can't turn off malloc stack logging because it was not enabled.
Python(9809) MallocStackLogging: can't turn off malloc stack logging because it was not enabled.
Python(9837) MallocStackLogging: can't turn off malloc stack logging because it was not enabled.
Python(9866) MallocStackLogging: can't turn off malloc stack logging because it was not enabled.
Python(9895) MallocStackLogging: can't turn off malloc stack logging because it was not enabled.
Python(9923) MallocStackLogging: can't turn off malloc stack logging because it was not enabled.
Python(9951) MallocStackLogging: can't turn off malloc stack logging because it was not enabled.
Python(9980) MallocStackLogging: can't turn off malloc stack logging because it was not enabled.
Python(10008) MallocStackLogging: can't turn off malloc stack logging because it was not enabled.
Python(10036) MallocStackLogging: can't turn off malloc stack logging because it was not enabled.
Python(10066) MallocStackLogging: can't turn off malloc stack logging because it was not enabled.
Python(10097) MallocStackLogging: can't turn off malloc stack logging because it was not enabled.
Python(10126) MallocStackLogging: can't turn off malloc stack logging because it was not enabled.
Python(10154) MallocStackLogging: can't turn off malloc stack logging because it was not enabled.
Python(10182) MallocStackLogging: can't turn off malloc stack logging because it was not enabled.
Python(10213) MallocStackLogging: can't turn off malloc stack logging because it was not enabled.
Python(10242) MallocStackLogging: can't turn off malloc stack logging because it was not enabled.
Python(10270) MallocStackLogging: can't turn off malloc stack logging because it was not enabled.
Python(10298) MallocStackLogging: can't turn off malloc stack logging because it was not enabled.
     0      3.8   33.3%     57.5%  -24.2    42%     294    34.0h
Python(10328) MallocStackLogging: can't turn off malloc stack logging because it was not enabled.
Python(10357) MallocStackLogging: can't turn off malloc stack logging because it was not enabled.
Python(10385) MallocStackLogging: can't turn off malloc stack logging because it was not enabled.
Python(10413) MallocStackLogging: can't turn off malloc stack logging because it was not enabled.
Python(10441) MallocStackLogging: can't turn off malloc stack logging because it was not enabled.
Python(10469) MallocStackLogging: can't turn off malloc stack logging because it was not enabled.
Python(10497) MallocStackLogging: can't turn off malloc stack logging because it was not enabled.
Python(10526) MallocStackLogging: can't turn off malloc stack logging because it was not enabled.
Python(10554) MallocStackLogging: can't turn off malloc stack logging because it was not enabled.
Python(10582) MallocStackLogging: can't turn off malloc stack logging because it was not enabled.
Python(10610) MallocStackLogging: can't turn off malloc stack logging because it was not enabled.
Python(10639) MallocStackLogging: can't turn off malloc stack logging because it was not enabled.
Python(10667) MallocStackLogging: can't turn off malloc stack logging because it was not enabled.
Python(10704) MallocStackLogging: can't turn off malloc stack logging because it was not enabled.
Python(10732) MallocStackLogging: can't turn off malloc stack logging because it was not enabled.
Python(10760) MallocStackLogging: can't turn off malloc stack logging because it was not enabled.
Python(10788) MallocStackLogging: can't turn off malloc stack logging because it was not enabled.
Python(10816) MallocStackLogging: can't turn off malloc stack logging because it was not enabled.
Python(10844) MallocStackLogging: can't turn off malloc stack logging because it was not enabled.
Python(10872) MallocStackLogging: can't turn off malloc stack logging because it was not enabled.
Python(10900) MallocStackLogging: can't turn off malloc stack logging because it was not enabled.
Python(10929) MallocStackLogging: can't turn off malloc stack logging because it was not enabled.
Python(10957) MallocStackLogging: can't turn off malloc stack logging because it was not enabled.
Python(10985) MallocStackLogging: can't turn off malloc stack logging because it was not enabled.
Python(11013) MallocStackLogging: can't turn off malloc stack logging because it was not enabled.
Python(11041) MallocStackLogging: can't turn off malloc stack logging because it was not enabled.
Python(11069) MallocStackLogging: can't turn off malloc stack logging because it was not enabled.
Python(11097) MallocStackLogging: can't turn off malloc stack logging because it was not enabled.
Python(11125) MallocStackLogging: can't turn off malloc stack logging because it was not enabled.
Python(11153) MallocStackLogging: can't turn off malloc stack logging because it was not enabled.
Python(11181) MallocStackLogging: can't turn off malloc stack logging because it was not enabled.
Python(11211) MallocStackLogging: can't turn off malloc stack logging because it was not enabled.
Python(11239) MallocStackLogging: can't turn off malloc stack logging because it was not enabled.
Python(11268) MallocStackLogging: can't turn off malloc stack logging because it was not enabled.
Python(11296) MallocStackLogging: can't turn off malloc stack logging because it was not enabled.
Python(11325) MallocStackLogging: can't turn off malloc stack logging because it was not enabled.
Python(11353) MallocStackLogging: can't turn off malloc stack logging because it was not enabled.
Python(11381) MallocStackLogging: can't turn off malloc stack logging because it was not enabled.
Python(11409) MallocStackLogging: can't turn off malloc stack logging because it was not enabled.
Python(11437) MallocStackLogging: can't turn off malloc stack logging because it was not enabled.
     0      4.8   51.7%     68.3%  -16.7    32%     294    34.4h
Python(11466) MallocStackLogging: can't turn off malloc stack logging because it was not enabled.
Python(11494) MallocStackLogging: can't turn off malloc stack logging because it was not enabled.
Python(11522) MallocStackLogging: can't turn off malloc stack logging because it was not enabled.
Python(11552) MallocStackLogging: can't turn off malloc stack logging because it was not enabled.
Python(11583) MallocStackLogging: can't turn off malloc stack logging because it was not enabled.
Python(11611) MallocStackLogging: can't turn off malloc stack logging because it was not enabled.
Python(11640) MallocStackLogging: can't turn off malloc stack logging because it was not enabled.
Python(11668) MallocStackLogging: can't turn off malloc stack logging because it was not enabled.
Python(11696) MallocStackLogging: can't turn off malloc stack logging because it was not enabled.
Python(11724) MallocStackLogging: can't turn off malloc stack logging because it was not enabled.
Python(11753) MallocStackLogging: can't turn off malloc stack logging because it was not enabled.
Python(11782) MallocStackLogging: can't turn off malloc stack logging because it was not enabled.
Python(11810) MallocStackLogging: can't turn off malloc stack logging because it was not enabled.
Python(11838) MallocStackLogging: can't turn off malloc stack logging because it was not enabled.
Python(11866) MallocStackLogging: can't turn off malloc stack logging because it was not enabled.
Python(11894) MallocStackLogging: can't turn off malloc stack logging because it was not enabled.
Python(11922) MallocStackLogging: can't turn off malloc stack logging because it was not enabled.
Python(11950) MallocStackLogging: can't turn off malloc stack logging because it was not enabled.
Python(11978) MallocStackLogging: can't turn off malloc stack logging because it was not enabled.
Python(12006) MallocStackLogging: can't turn off malloc stack logging because it was not enabled.
Python(12034) MallocStackLogging: can't turn off malloc stack logging because it was not enabled.
Python(12063) MallocStackLogging: can't turn off malloc stack logging because it was not enabled.
Python(12091) MallocStackLogging: can't turn off malloc stack logging because it was not enabled.
Python(12119) MallocStackLogging: can't turn off malloc stack logging because it was not enabled.
Python(12147) MallocStackLogging: can't turn off malloc stack logging because it was not enabled.
Python(12175) MallocStackLogging: can't turn off malloc stack logging because it was not enabled.
Python(12203) MallocStackLogging: can't turn off malloc stack logging because it was not enabled.
Python(12231) MallocStackLogging: can't turn off malloc stack logging because it was not enabled.
Python(12259) MallocStackLogging: can't turn off malloc stack logging because it was not enabled.
Python(12287) MallocStackLogging: can't turn off malloc stack logging because it was not enabled.
Python(12315) MallocStackLogging: can't turn off malloc stack logging because it was not enabled.
Python(12345) MallocStackLogging: can't turn off malloc stack logging because it was not enabled.
Python(12373) MallocStackLogging: can't turn off malloc stack logging because it was not enabled.
Python(12410) MallocStackLogging: can't turn off malloc stack logging because it was not enabled.
Python(12438) MallocStackLogging: can't turn off malloc stack logging because it was not enabled.
Python(12466) MallocStackLogging: can't turn off malloc stack logging because it was not enabled.
Python(12494) MallocStackLogging: can't turn off malloc stack logging because it was not enabled.
Python(12523) MallocStackLogging: can't turn off malloc stack logging because it was not enabled.
Python(12551) MallocStackLogging: can't turn off malloc stack logging because it was not enabled.
Python(12579) MallocStackLogging: can't turn off malloc stack logging because it was not enabled.
     0      2.9   47.5%     66.7%  -19.2    33%     294    34.7h
Python(12609) MallocStackLogging: can't turn off malloc stack logging because it was not enabled.
Python(12637) MallocStackLogging: can't turn off malloc stack logging because it was not enabled.
Python(12665) MallocStackLogging: can't turn off malloc stack logging because it was not enabled.
Python(12694) MallocStackLogging: can't turn off malloc stack logging because it was not enabled.
Python(12722) MallocStackLogging: can't turn off malloc stack logging because it was not enabled.
Python(12750) MallocStackLogging: can't turn off malloc stack logging because it was not enabled.
Python(12778) MallocStackLogging: can't turn off malloc stack logging because it was not enabled.
Python(12807) MallocStackLogging: can't turn off malloc stack logging because it was not enabled.
Python(12835) MallocStackLogging: can't turn off malloc stack logging because it was not enabled.
Python(12863) MallocStackLogging: can't turn off malloc stack logging because it was not enabled.
Python(12891) MallocStackLogging: can't turn off malloc stack logging because it was not enabled.
Python(12921) MallocStackLogging: can't turn off malloc stack logging because it was not enabled.
Python(12949) MallocStackLogging: can't turn off malloc stack logging because it was not enabled.
Python(12977) MallocStackLogging: can't turn off malloc stack logging because it was not enabled.
Python(13005) MallocStackLogging: can't turn off malloc stack logging because it was not enabled.
Python(13033) MallocStackLogging: can't turn off malloc stack logging because it was not enabled.
Python(13062) MallocStackLogging: can't turn off malloc stack logging because it was not enabled.
Python(13091) MallocStackLogging: can't turn off malloc stack logging because it was not enabled.
Python(13119) MallocStackLogging: can't turn off malloc stack logging because it was not enabled.
Python(13147) MallocStackLogging: can't turn off malloc stack logging because it was not enabled.
Python(13175) MallocStackLogging: can't turn off malloc stack logging because it was not enabled.
Python(13204) MallocStackLogging: can't turn off malloc stack logging because it was not enabled.
Python(13232) MallocStackLogging: can't turn off malloc stack logging because it was not enabled.
Python(13260) MallocStackLogging: can't turn off malloc stack logging because it was not enabled.
Python(13288) MallocStackLogging: can't turn off malloc stack logging because it was not enabled.
Python(13316) MallocStackLogging: can't turn off malloc stack logging because it was not enabled.
Python(13344) MallocStackLogging: can't turn off malloc stack logging because it was not enabled.
Python(13372) MallocStackLogging: can't turn off malloc stack logging because it was not enabled.
Python(13400) MallocStackLogging: can't turn off malloc stack logging because it was not enabled.
Python(13428) MallocStackLogging: can't turn off malloc stack logging because it was not enabled.
Python(13456) MallocStackLogging: can't turn off malloc stack logging because it was not enabled.
Python(13488) MallocStackLogging: can't turn off malloc stack logging because it was not enabled.
Python(13516) MallocStackLogging: can't turn off malloc stack logging because it was not enabled.
Python(13549) MallocStackLogging: can't turn off malloc stack logging because it was not enabled.
Python(13580) MallocStackLogging: can't turn off malloc stack logging because it was not enabled.
     0      2.8   60.8%     75.0%  -14.2    25%     294    35.2h
Python(13611) MallocStackLogging: can't turn off malloc stack logging because it was not enabled.
Python(13641) MallocStackLogging: can't turn off malloc stack logging because it was not enabled.
Python(13680) MallocStackLogging: can't turn off malloc stack logging because it was not enabled.
Python(13722) MallocStackLogging: can't turn off malloc stack logging because it was not enabled.
Python(13750) MallocStackLogging: can't turn off malloc stack logging because it was not enabled.
Python(13778) MallocStackLogging: can't turn off malloc stack logging because it was not enabled.
Python(13807) MallocStackLogging: can't turn off malloc stack logging because it was not enabled.
Python(13836) MallocStackLogging: can't turn off malloc stack logging because it was not enabled.
Python(13868) MallocStackLogging: can't turn off malloc stack logging because it was not enabled.
Python(13897) MallocStackLogging: can't turn off malloc stack logging because it was not enabled.
Python(13927) MallocStackLogging: can't turn off malloc stack logging because it was not enabled.
Python(13958) MallocStackLogging: can't turn off malloc stack logging because it was not enabled.
Python(13990) MallocStackLogging: can't turn off malloc stack logging because it was not enabled.
Python(14038) MallocStackLogging: can't turn off malloc stack logging because it was not enabled.
Python(14070) MallocStackLogging: can't turn off malloc stack logging because it was not enabled.
Python(14108) MallocStackLogging: can't turn off malloc stack logging because it was not enabled.
Python(14143) MallocStackLogging: can't turn off malloc stack logging because it was not enabled.
Python(14180) MallocStackLogging: can't turn off malloc stack logging because it was not enabled.
Python(14210) MallocStackLogging: can't turn off malloc stack logging because it was not enabled.
Python(14239) MallocStackLogging: can't turn off malloc stack logging because it was not enabled.
Python(14267) MallocStackLogging: can't turn off malloc stack logging because it was not enabled.
Python(14298) MallocStackLogging: can't turn off malloc stack logging because it was not enabled.
Python(14327) MallocStackLogging: can't turn off malloc stack logging because it was not enabled.
Python(14355) MallocStackLogging: can't turn off malloc stack logging because it was not enabled.
Python(14383) MallocStackLogging: can't turn off malloc stack logging because it was not enabled.
Python(14411) MallocStackLogging: can't turn off malloc stack logging because it was not enabled.
Python(14439) MallocStackLogging: can't turn off malloc stack logging because it was not enabled.
Python(14468) MallocStackLogging: can't turn off malloc stack logging because it was not enabled.
Python(14496) MallocStackLogging: can't turn off malloc stack logging because it was not enabled.
Python(14524) MallocStackLogging: can't turn off malloc stack logging because it was not enabled.
Python(14556) MallocStackLogging: can't turn off malloc stack logging because it was not enabled.
Python(14585) MallocStackLogging: can't turn off malloc stack logging because it was not enabled.
Python(14617) MallocStackLogging: can't turn off malloc stack logging because it was not enabled.
Python(14743) MallocStackLogging: can't turn off malloc stack logging because it was not enabled.
Python(14772) MallocStackLogging: can't turn off malloc stack logging because it was not enabled.
Python(14800) MallocStackLogging: can't turn off malloc stack logging because it was not enabled.
Python(14829) MallocStackLogging: can't turn off malloc stack logging because it was not enabled.
Python(14858) MallocStackLogging: can't turn off malloc stack logging because it was not enabled.
Python(14887) MallocStackLogging: can't turn off malloc stack logging because it was not enabled.
Python(14916) MallocStackLogging: can't turn off malloc stack logging because it was not enabled.
Python(17696) MallocStackLogging: can't turn off malloc stack logging because it was not enabled.
